scenario,year,week,hour,branch,value
NT,2025,21,0,35,-5664.662200938625
NT,2025,21,1,35,-5562.158789080309
NT,2025,21,2,35,-5509.53759645189
NT,2025,21,3,35,-5504.4611041864055
NT,2025,21,4,35,-5678.583535224815
NT,2025,21,5,35,-5551.101237182907
NT,2025,21,6,35,-5212.693277722777
NT,2025,21,7,35,-5034.227038327743
NT,2025,21,8,35,-5703.617986497959
NT,2025,21,9,35,-6326.168222939435
NT,2025,21,10,35,-5318.84576298374
NT,2025,21,11,35,-5753.254309537598
NT,2025,21,12,35,-5749.722439302062
NT,2025,21,13,35,-6103.731550663202
NT,2025,21,14,35,-6945.9657512229915
NT,2025,21,15,35,-8463.1883278711
NT,2025,21,16,35,-10918.149949921872
NT,2025,21,17,35,-13367.336918121384
NT,2025,21,18,35,-14721.488754981934
NT,2025,21,19,35,-15059.48895148836
NT,2025,21,20,35,-15059.48895148836
NT,2025,21,21,35,-15059.48895148836
NT,2025,21,22,35,-15059.48895148836
NT,2025,21,23,35,-15059.48895148836
NT,2025,21,24,35,-14977.812614951821
NT,2025,21,25,35,-13800.5661839289
NT,2025,21,26,35,-13398.410343915468
NT,2025,21,27,35,-12851.062818103263
NT,2025,21,28,35,-12112.914723862941
NT,2025,21,29,35,-10772.62116439284
NT,2025,21,30,35,-9380.370081842218
NT,2025,21,31,35,-7774.7312169812
NT,2025,21,32,35,-7533.960701012471
NT,2025,21,33,35,-7577.040487072164
NT,2025,21,34,35,-6107.002085730521
NT,2025,21,35,35,-6679.65187904169
NT,2025,21,36,35,-4554.172092646861
NT,2025,21,37,35,-2941.8222347242727
NT,2025,21,38,35,-1325.0381623421024
NT,2025,21,39,35,-3023.8576600932206
NT,2025,21,40,35,-4793.448088800944
NT,2025,21,41,35,-5412.02968857065
NT,2025,21,42,35,-6255.420825665227
NT,2025,21,43,35,-9517.407681229512
NT,2025,21,44,35,-7653.632852505023
NT,2025,21,45,35,-4617.217527147519
NT,2025,21,46,35,-5222.482374025858
NT,2025,21,47,35,-3852.2707711723933
NT,2025,21,48,35,-3114.6202656731325
NT,2025,21,49,35,-2779.786464300203
NT,2025,21,50,35,-2511.532614591869
NT,2025,21,51,35,-1717.758900689693
NT,2025,21,52,35,-2191.785136910531
NT,2025,21,53,35,-4425.601013622369
NT,2025,21,54,35,-5563.665526556938
NT,2025,21,55,35,-543.7459719314668
NT,2025,21,56,35,3283.4816713278847
NT,2025,21,57,35,2942.208189514135
NT,2025,21,58,35,2104.8688717917694
NT,2025,21,59,35,1109.9236181388549
NT,2025,21,60,35,192.74480612979198
NT,2025,21,61,35,-713.6780114426243
NT,2025,21,62,35,-1725.7254136518604
NT,2025,21,63,35,-2771.300763861636
NT,2025,21,64,35,-4516.699447146495
NT,2025,21,65,35,-5575.016716230286
NT,2025,21,66,35,-5657.6605191160115
NT,2025,21,67,35,-5240.12112558538
NT,2025,21,68,35,-4917.833502204364
NT,2025,21,69,35,-4342.0240236726295
NT,2025,21,70,35,-3066.3203840015285
NT,2025,21,71,35,-2708.0241932181225
NT,2025,21,72,35,-2515.535600477834
NT,2025,21,73,35,-2353.391575521072
NT,2025,21,74,35,-2037.5698897205814
NT,2025,21,75,35,-1657.3155886694306
NT,2025,21,76,35,-1106.8457554393892
NT,2025,21,77,35,-1606.1360128526321
NT,2025,21,78,35,-5165.449774022845
NT,2025,21,79,35,727.6593116264103
NT,2025,21,80,35,2440.075832265818
NT,2025,21,81,35,2079.9936164071437
NT,2025,21,82,35,1990.46205704243
NT,2025,21,83,35,1340.1470275668614
NT,2025,21,84,35,1066.1990301688334
NT,2025,21,85,35,520.0329895127321
NT,2025,21,86,35,-420.64472382781145
NT,2025,21,87,35,-1919.4470141303507
NT,2025,21,88,35,-3644.187689341304
NT,2025,21,89,35,-4538.874924907217
NT,2025,21,90,35,-4616.457556492933
NT,2025,21,91,35,-4373.907015757618
NT,2025,21,92,35,-4455.200736899695
NT,2025,21,93,35,-3880.750318085461
NT,2025,21,94,35,-2015.7270815145266
NT,2025,21,95,35,-2046.7684358198308
NT,2025,21,96,35,-1984.953990557587
NT,2025,21,97,35,-1905.7721748211086
NT,2025,21,98,35,-1968.23842168668
NT,2025,21,99,35,-1779.1066276713777
NT,2025,21,100,35,-3804.134303017425
NT,2025,21,101,35,-6108.01098031069
NT,2025,21,102,35,-8257.509212857558
NT,2025,21,103,35,-2225.8545615584194
NT,2025,21,104,35,1435.2321981138323
NT,2025,21,105,35,1083.3818996671043
NT,2025,21,106,35,847.0101896688585
NT,2025,21,107,35,63.641388089927766
NT,2025,21,108,35,-149.21226997331297
NT,2025,21,109,35,-647.2408983883641
NT,2025,21,110,35,-1446.2744806215194
NT,2025,21,111,35,-2364.8230956779134
NT,2025,21,112,35,-3450.9840965122285
NT,2025,21,113,35,-3910.9640592704777
NT,2025,21,114,35,-4351.295844169604
NT,2025,21,115,35,-6050.680802367129
NT,2025,21,116,35,-6318.637678930851
NT,2025,21,117,35,-5022.052255336031
NT,2025,21,118,35,-5105.490873690353
NT,2025,21,119,35,-3952.9976857449687
NT,2025,21,120,35,-3380.363161290499
NT,2025,21,121,35,-3520.825979098271
NT,2025,21,122,35,-4231.163190058068
NT,2025,21,123,35,-4840.079144451453
NT,2025,21,124,35,-4666.141178534268
NT,2025,21,125,35,-4864.050886965309
NT,2025,21,126,35,-6669.182806568099
NT,2025,21,127,35,-1280.859665078144
NT,2025,21,128,35,875.2109211120496
NT,2025,21,129,35,856.3954987930991
NT,2025,21,130,35,1314.073115499654
NT,2025,21,131,35,914.3269483417181
NT,2025,21,132,35,149.29331580057715
NT,2025,21,133,35,122.4549915594321
NT,2025,21,134,35,-1806.2187815204704
NT,2025,21,135,35,-3441.2252497085583
NT,2025,21,136,35,-4445.535830283226
NT,2025,21,137,35,-4572.017077827393
NT,2025,21,138,35,-4153.576480900245
NT,2025,21,139,35,-7909.6792606065155
NT,2025,21,140,35,-7416.688861535304
NT,2025,21,141,35,-6655.282680564168
NT,2025,21,142,35,-8851.281923090573
NT,2025,21,143,35,-8365.58459042566
NT,2025,21,144,35,-8662.492792605291
NT,2025,21,145,35,-9172.02739168959
NT,2025,21,146,35,-9679.567796798927
NT,2025,21,147,35,-9898.79133218092
NT,2025,21,148,35,-10296.754109944846
NT,2025,21,149,35,-10477.402296712004
NT,2025,21,150,35,-11532.982817570342
NT,2025,21,151,35,-8101.10268469837
NT,2025,21,152,35,-3494.063311910229
NT,2025,21,153,35,-3089.8786022400664
NT,2025,21,154,35,-1496.3763996791683
NT,2025,21,155,35,-2205.9687229104184
NT,2025,21,156,35,-2989.372821496157
NT,2025,21,157,35,-3583.2891538705894
NT,2025,21,158,35,-5336.846391366085
NT,2025,21,159,35,-8452.167521815827
NT,2025,21,160,35,-11566.031185709524
NT,2025,21,161,35,-12477.97876393966
NT,2025,21,162,35,-11985.68905011298
NT,2025,21,163,35,-12253.755584675244
NT,2025,21,164,35,-13818.217125546029
NT,2025,21,165,35,-12381.482547244439
NT,2025,21,166,35,-12643.319437586963
NT,2025,21,167,35,-12162.32954013617
NT,2025,42,0,35,-5809.163623205098
NT,2025,42,1,35,-5656.017340681739
NT,2025,42,2,35,-5478.158030259667
NT,2025,42,3,35,-5305.0499961139785
NT,2025,42,4,35,-4991.233683962035
NT,2025,42,5,35,-4363.216478343364
NT,2025,42,6,35,-3884.5217589212507
NT,2025,42,7,35,-3385.6064023343274
NT,2025,42,8,35,-3580.286358800108
NT,2025,42,9,35,-3925.8038509290654
NT,2025,42,10,35,-4194.956611444291
NT,2025,42,11,35,-4185.341022792085
NT,2025,42,12,35,-4498.858760160717
NT,2025,42,13,35,-5275.555861816458
NT,2025,42,14,35,-5444.670952581384
NT,2025,42,15,35,-4863.1329083098135
NT,2025,42,16,35,-4653.611819267407
NT,2025,42,17,35,-4163.164951666706
NT,2025,42,18,35,-3681.383753374974
NT,2025,42,19,35,-3989.681871118175
NT,2025,42,20,35,-4448.431060905874
NT,2025,42,21,35,-4990.440483030524
NT,2025,42,22,35,-5504.95855646572
NT,2025,42,23,35,-5675.404865877093
NT,2025,42,24,35,-3494.1967587304594
NT,2025,42,25,35,-2526.365935875799
NT,2025,42,26,35,-1948.9256621926734
NT,2025,42,27,35,-1649.6177784850847
NT,2025,42,28,35,-2484.6100696617973
NT,2025,42,29,35,-5409.329571716982
NT,2025,42,30,35,-6311.492906927309
NT,2025,42,31,35,-5081.8203023104925
NT,2025,42,32,35,-983.6776557360186
NT,2025,42,33,35,1616.2299264407961
NT,2025,42,34,35,2758.3951423776825
NT,2025,42,35,35,1815.5286045467553
NT,2025,42,36,35,1739.0700744111557
NT,2025,42,37,35,2088.7010910644517
NT,2025,42,38,35,2507.056541077169
NT,2025,42,39,35,2906.2530587778742
NT,2025,42,40,35,2622.040864243939
NT,2025,42,41,35,-4897.46201105439
NT,2025,42,42,35,-4489.974492713763
NT,2025,42,43,35,-5065.933860172952
NT,2025,42,44,35,-1874.8179398950488
NT,2025,42,45,35,1088.9983744719493
NT,2025,42,46,35,1466.1165110385004
NT,2025,42,47,35,811.4334610667595
NT,2025,42,48,35,748.5305346237087
NT,2025,42,49,35,907.9856241321987
NT,2025,42,50,35,1262.480737714301
NT,2025,42,51,35,1599.0353243709674
NT,2025,42,52,35,794.5311375027773
NT,2025,42,53,35,-2986.237730140712
NT,2025,42,54,35,-4732.107480632199
NT,2025,42,55,35,-4967.296605118848
NT,2025,42,56,35,-1975.9308838676166
NT,2025,42,57,35,120.44537121925305
NT,2025,42,58,35,-711.9156417728697
NT,2025,42,59,35,-1762.540576008368
NT,2025,42,60,35,221.88200622286166
NT,2025,42,61,35,-678.9925964381183
NT,2025,42,62,35,-3326.0236858011704
NT,2025,42,63,35,-4673.031870245682
NT,2025,42,64,35,-4398.307353472464
NT,2025,42,65,35,-3746.6989647258615
NT,2025,42,66,35,-3450.63755560703
NT,2025,42,67,35,-4477.663291326843
NT,2025,42,68,35,-5550.4088355392105
NT,2025,42,69,35,-6439.122684871595
NT,2025,42,70,35,-6874.362203351523
NT,2025,42,71,35,-7629.174778233714
NT,2025,42,72,35,-7490.552158711438
NT,2025,42,73,35,-7240.1314349078375
NT,2025,42,74,35,-6818.007183054013
NT,2025,42,75,35,-6372.271931456553
NT,2025,42,76,35,-5708.160555818314
NT,2025,42,77,35,-4900.883984426561
NT,2025,42,78,35,-4051.0051953698094
NT,2025,42,79,35,-3224.7400540163476
NT,2025,42,80,35,-3498.492418609073
NT,2025,42,81,35,-3675.8773925058235
NT,2025,42,82,35,-3680.0888134691927
NT,2025,42,83,35,-4066.2621752262235
NT,2025,42,84,35,-4069.530506990759
NT,2025,42,85,35,-3980.600295509569
NT,2025,42,86,35,-3661.170553730754
NT,2025,42,87,35,-3326.7385259019984
NT,2025,42,88,35,-2979.4611696851703
NT,2025,42,89,35,-2294.7575525277425
NT,2025,42,90,35,-1749.0154478882548
NT,2025,42,91,35,-2184.5081492008794
NT,2025,42,92,35,-2650.4688343940397
NT,2025,42,93,35,-3148.3014014316964
NT,2025,42,94,35,-3560.6855088374596
NT,2025,42,95,35,-3966.734047758935
NT,2025,42,96,35,-4294.503990056047
NT,2025,42,97,35,-4790.542737564631
NT,2025,42,98,35,-5670.321911560803
NT,2025,42,99,35,-6214.093357687177
NT,2025,42,100,35,-6450.515347368079
NT,2025,42,101,35,-6548.131299385436
NT,2025,42,102,35,-6719.866547722949
NT,2025,42,103,35,-6459.120126354086
NT,2025,42,104,35,-727.030177226558
NT,2025,42,105,35,-977.0546993542907
NT,2025,42,106,35,-1534.8120220619537
NT,2025,42,107,35,-4463.880480728592
NT,2025,42,108,35,-5953.420363170649
NT,2025,42,109,35,-5939.563582984048
NT,2025,42,110,35,-6371.075113523144
NT,2025,42,111,35,-6515.494617404355
NT,2025,42,112,35,-6211.333340590416
NT,2025,42,113,35,-4865.437986449302
NT,2025,42,114,35,-8612.453287994831
NT,2025,42,115,35,-10580.4573954244
NT,2025,42,116,35,-10053.15633271805
NT,2025,42,117,35,-10178.340800160331
NT,2025,42,118,35,-13768.37343942602
NT,2025,42,119,35,-13299.111330706586
NT,2025,42,120,35,-10325.704294472185
NT,2025,42,121,35,-7364.024984495147
NT,2025,42,122,35,-4997.026916852811
NT,2025,42,123,35,-3075.486592898015
NT,2025,42,124,35,-1537.197839386813
NT,2025,42,125,35,-461.3286423731196
NT,2025,42,126,35,103.88104275309487
NT,2025,42,127,35,632.9065405516986
NT,2025,42,128,35,261.01756438142115
NT,2025,42,129,35,64.59016580080647
NT,2025,42,130,35,483.3145810663726
NT,2025,42,131,35,-793.3885446521938
NT,2025,42,132,35,-1874.4739194331557
NT,2025,42,133,35,-1923.7724128689526
NT,2025,42,134,35,-1356.492890957694
NT,2025,42,135,35,-856.2735751981211
NT,2025,42,136,35,-293.5359488284811
NT,2025,42,137,35,-1873.2813938271343
NT,2025,42,138,35,-5503.862987748222
NT,2025,42,139,35,-6351.207846664244
NT,2025,42,140,35,-4704.49564389294
NT,2025,42,141,35,-3136.8257528668323
NT,2025,42,142,35,-170.23529462334955
NT,2025,42,143,35,-238.4458396171085
NT,2025,42,144,35,-184.61069656697418
NT,2025,42,145,35,-120.7684250382631
NT,2025,42,146,35,-494.7076321787572
NT,2025,42,147,35,-1318.7647474697571
NT,2025,42,148,35,-2838.365995874825
NT,2025,42,149,35,-4407.855516830481
NT,2025,42,150,35,-5281.656337341286
NT,2025,42,151,35,-4748.246747800202
NT,2025,42,152,35,690.0834257127624
NT,2025,42,153,35,1759.8899649904956
NT,2025,42,154,35,1196.5666438070068
NT,2025,42,155,35,625.895542482763
NT,2025,42,156,35,-393.7308450713608
NT,2025,42,157,35,-1024.9787433072495
NT,2025,42,158,35,-1196.2985973252617
NT,2025,42,159,35,-1066.3933727258216
NT,2025,42,160,35,-547.941093373466
NT,2025,42,161,35,-7046.044211407012
NT,2025,42,162,35,-6966.046645759112
NT,2025,42,163,35,-7029.54714530684
NT,2025,42,164,35,-7511.680841031249
NT,2025,42,165,35,-6547.870910490763
NT,2025,42,166,35,-3589.687849953364
NT,2025,42,167,35,-2257.37101916079
NT,2030,21,0,35,-5363.976599817693
NT,2030,21,1,35,-5269.002998341408
NT,2030,21,2,35,-5218.988278537537
NT,2030,21,3,35,-5216.880269211122
NT,2030,21,4,35,-5393.464369028273
NT,2030,21,5,35,-5243.103031748656
NT,2030,21,6,35,-4859.23032105812
NT,2030,21,7,35,-4928.047654774974
NT,2030,21,8,35,-6052.998629354871
NT,2030,21,9,35,-4344.3866137216955
NT,2030,21,10,35,-4828.129940866619
NT,2030,21,11,35,-4165.238761421978
NT,2030,21,12,35,-1944.1331237058946
NT,2030,21,13,35,-1160.7900655263181
NT,2030,21,14,35,-164.4720010244464
NT,2030,21,15,35,-2481.0439968240407
NT,2030,21,16,35,-8012.826132215225
NT,2030,21,17,35,-13391.187687789605
NT,2030,21,18,35,-14452.768782099723
NT,2030,21,19,35,-14675.602957588126
NT,2030,21,20,35,-15059.48895148836
NT,2030,21,21,35,-15059.48895148836
NT,2030,21,22,35,-14824.38327750308
NT,2030,21,23,35,-15059.48895148836
NT,2030,21,24,35,-14652.365521997668
NT,2030,21,25,35,-14208.115512560924
NT,2030,21,26,35,-13211.764519805394
NT,2030,21,27,35,-12544.078240989666
NT,2030,21,28,35,-11809.767453963268
NT,2030,21,29,35,-10454.486675752007
NT,2030,21,30,35,-9014.680677136315
NT,2030,21,31,35,-7665.567470682157
NT,2030,21,32,35,-7871.921086579014
NT,2030,21,33,35,-3753.756470768095
NT,2030,21,34,35,-758.2291765913387
NT,2030,21,35,35,599.3031353249679
NT,2030,21,36,35,89.89763515342159
NT,2030,21,37,35,-876.4751395973698
NT,2030,21,38,35,-2100.0155059423664
NT,2030,21,39,35,-3643.5404465991296
NT,2030,21,40,35,-5157.251242945343
NT,2030,21,41,35,-5443.050629529814
NT,2030,21,42,35,-5079.192412396011
NT,2030,21,43,35,-9404.677949285446
NT,2030,21,44,35,-7288.9652826428955
NT,2030,21,45,35,-3968.286252250651
NT,2030,21,46,35,-4803.999360938125
NT,2030,21,47,35,-3358.000086247115
NT,2030,21,48,35,-2568.628619166495
NT,2030,21,49,35,-2211.704336224053
NT,2030,21,50,35,-1897.4693985624217
NT,2030,21,51,35,-1003.55325801041
NT,2030,21,52,35,-1491.6978138888953
NT,2030,21,53,35,-3899.5496655391107
NT,2030,21,54,35,-5155.465725043372
NT,2030,21,55,35,3518.2007649921516
NT,2030,21,56,35,2915.8320621103644
NT,2030,21,57,35,2242.5696993434253
NT,2030,21,58,35,2079.7496999497025
NT,2030,21,59,35,1908.1703174384495
NT,2030,21,60,35,1894.6941545967106
NT,2030,21,61,35,2131.6236278536708
NT,2030,21,62,35,2497.283042412411
NT,2030,21,63,35,-3419.9018740226184
NT,2030,21,64,35,-4943.17515321728
NT,2030,21,65,35,-5675.118074072367
NT,2030,21,66,35,-5421.385722091095
NT,2030,21,67,35,-4812.225170221854
NT,2030,21,68,35,-4475.457142260008
NT,2030,21,69,35,-3930.7081315541554
NT,2030,21,70,35,-2693.594770090966
NT,2030,21,71,35,-2367.0830673624805
NT,2030,21,72,35,-2193.2017945085595
NT,2030,21,73,35,-2038.2255698193085
NT,2030,21,74,35,-1726.5307993243541
NT,2030,21,75,35,-1346.4937043419152
NT,2030,21,76,35,-804.0604956542348
NT,2030,21,77,35,-919.9260780116565
NT,2030,21,78,35,-4481.580899783858
NT,2030,21,79,35,2342.6770157948054
NT,2030,21,80,35,2139.264163150456
NT,2030,21,81,35,1381.9396468136654
NT,2030,21,82,35,2536.7796069340316
NT,2030,21,83,35,1809.4336294570664
NT,2030,21,84,35,1873.0971029338143
NT,2030,21,85,35,2113.45419782416
NT,2030,21,86,35,2467.908060755672
NT,2030,21,87,35,-1869.739232628326
NT,2030,21,88,35,-4125.659696729034
NT,2030,21,89,35,-4657.131771811068
NT,2030,21,90,35,-4379.821565234663
NT,2030,21,91,35,-3940.6533106991856
NT,2030,21,92,35,-4008.6974616498032
NT,2030,21,93,35,-3460.3117710810634
NT,2030,21,94,35,-1639.3813664587562
NT,2030,21,95,35,-1699.238725879912
NT,2030,21,96,35,-1657.1900328705015
NT,2030,21,97,35,-1586.8412639283285
NT,2030,21,98,35,-1654.158446328479
NT,2030,21,99,35,-1429.242206225074
NT,2030,21,100,35,-3546.62807389282
NT,2030,21,101,35,-6066.885338901093
NT,2030,21,102,35,-7880.729085664363
NT,2030,21,103,35,1456.665973374239
NT,2030,21,104,35,1069.943721732055
NT,2030,21,105,35,413.4650582905428
NT,2030,21,106,35,2602.7583654695413
NT,2030,21,107,35,1888.9633666641446
NT,2030,21,108,35,1959.9782252423372
NT,2030,21,109,35,2209.690327255283
NT,2030,21,110,35,2490.580862583686
NT,2030,21,111,35,100.64955648572577
NT,2030,21,112,35,-3936.546374802979
NT,2030,21,113,35,-4035.3918008753385
NT,2030,21,114,35,-4119.711507656717
NT,2030,21,115,35,-5948.050881116396
NT,2030,21,116,35,-6201.223355964212
NT,2030,21,117,35,-4607.9850863471975
NT,2030,21,118,35,-4930.398703282877
NT,2030,21,119,35,-3717.616380249621
NT,2030,21,120,35,-3120.057412588052
NT,2030,21,121,35,-3305.286730812577
NT,2030,21,122,35,-4078.6149275509615
NT,2030,21,123,35,-4714.148853183424
NT,2030,21,124,35,-4490.105150174566
NT,2030,21,125,35,-4677.34215209073
NT,2030,21,126,35,-6184.6044640743585
NT,2030,21,127,35,638.7464361277302
NT,2030,21,128,35,437.1828321819921
NT,2030,21,129,35,2037.468196574457
NT,2030,21,130,35,1574.1213996552285
NT,2030,21,131,35,1185.656799978355
NT,2030,21,132,35,891.0920326445445
NT,2030,21,133,35,1000.4673013655375
NT,2030,21,134,35,1212.8955766206375
NT,2030,21,135,35,1713.4016193658158
NT,2030,21,136,35,-3780.0110921009486
NT,2030,21,137,35,-4760.015850958875
NT,2030,21,138,35,-3977.602313360103
NT,2030,21,139,35,-7886.462928133755
NT,2030,21,140,35,-7290.412640806166
NT,2030,21,141,35,-6505.624500874039
NT,2030,21,142,35,-9050.353684845339
NT,2030,21,143,35,-8631.74729948042
NT,2030,21,144,35,-9030.579296883348
NT,2030,21,145,35,-9602.173836432838
NT,2030,21,146,35,-10165.38733940677
NT,2030,21,147,35,-10435.015196919012
NT,2030,21,148,35,-10898.72226300931
NT,2030,21,149,35,-11088.01248540683
NT,2030,21,150,35,-11582.189423108037
NT,2030,21,151,35,-4194.721733701468
NT,2030,21,152,35,-2398.07026390453
NT,2030,21,153,35,1983.7857993412947
NT,2030,21,154,35,1607.3533772878372
NT,2030,21,155,35,1332.7280605139931
NT,2030,21,156,35,1011.4452232455376
NT,2030,21,157,35,948.0357396124617
NT,2030,21,158,35,1118.08817102477
NT,2030,21,159,35,-875.2176479909028
NT,2030,21,160,35,-8418.32659469645
NT,2030,21,161,35,-12646.352329510168
NT,2030,21,162,35,-11821.893852569363
NT,2030,21,163,35,-12769.926492986157
NT,2030,21,164,35,-14404.691230785807
NT,2030,21,165,35,-12845.095019616263
NT,2030,21,166,35,-13148.191221616296
NT,2030,21,167,35,-12682.584938928901
NT,2030,42,0,35,-5513.328957618743
NT,2030,42,1,35,-5365.540424790291
NT,2030,42,2,35,-5186.595084024656
NT,2030,42,3,35,-5013.125039764448
NT,2030,42,4,35,-4689.462052497539
NT,2030,42,5,35,-4029.22594668652
NT,2030,42,6,35,-3521.6428201256517
NT,2030,42,7,35,-2992.005740446453
NT,2030,42,8,35,-3481.9213367367615
NT,2030,42,9,35,-2189.1860850771477
NT,2030,42,10,35,3780.1616282212326
NT,2030,42,11,35,-4141.684230231688
NT,2030,42,12,35,2982.888847138735
NT,2030,42,13,35,2704.793368128188
NT,2030,42,14,35,-162.3620938868362
NT,2030,42,15,35,-4838.54005677366
NT,2030,42,16,35,-4451.3369340399495
NT,2030,42,17,35,-3746.931933966897
NT,2030,42,18,35,-3186.3711227793024
NT,2030,42,19,35,-3518.4171040350643
NT,2030,42,20,35,-4007.937153557027
NT,2030,42,21,35,-4581.441455644982
NT,2030,42,22,35,-5138.02510438749
NT,2030,42,23,35,-5670.117396341166
NT,2030,42,24,35,-3332.869491983136
NT,2030,42,25,35,-2238.3271182899152
NT,2030,42,26,35,-1595.4632902044323
NT,2030,42,27,35,-1219.0325600871129
NT,2030,42,28,35,-2053.1427591215142
NT,2030,42,29,35,-5143.362699487487
NT,2030,42,30,35,-5938.297633131062
NT,2030,42,31,35,-3752.0557885775124
NT,2030,42,32,35,3285.840069805365
NT,2030,42,33,35,2821.4626293153274
NT,2030,42,34,35,2595.1597563600103
NT,2030,42,35,35,1545.106368326275
NT,2030,42,36,35,1392.5124316289389
NT,2030,42,37,35,1789.5042529674877
NT,2030,42,38,35,2311.2893526713938
NT,2030,42,39,35,2812.843862701503
NT,2030,42,40,35,2943.8054186829168
NT,2030,42,41,35,-4500.662358232447
NT,2030,42,42,35,-3990.979750858362
NT,2030,42,43,35,-4589.528549463646
NT,2030,42,44,35,-1376.330567188581
NT,2030,42,45,35,1821.7042192839235
NT,2030,42,46,35,1837.0320743764596
NT,2030,42,47,35,1159.035573029583
NT,2030,42,48,35,1076.5841004024112
NT,2030,42,49,35,1229.667811895336
NT,2030,42,50,35,1578.0811555534897
NT,2030,42,51,35,1916.7354008743769
NT,2030,42,52,35,1511.8440719331102
NT,2030,42,53,35,-2547.5073477091883
NT,2030,42,54,35,-4427.136127894102
NT,2030,42,55,35,-3474.9096952378113
NT,2030,42,56,35,2931.406112699268
NT,2030,42,57,35,2331.882776421251
NT,2030,42,58,35,2518.476073482655
NT,2030,42,59,35,2143.9455851890107
NT,2030,42,60,35,4195.0304228727555
NT,2030,42,61,35,3161.597482885359
NT,2030,42,62,35,2847.405671593096
NT,2030,42,63,35,-503.134077580904
NT,2030,42,64,35,-4378.316226448406
NT,2030,42,65,35,-3362.7019107545484
NT,2030,42,66,35,-2951.1359995913017
NT,2030,42,67,35,-4005.602101991787
NT,2030,42,68,35,-5109.4805160529395
NT,2030,42,69,35,-6027.082772524079
NT,2030,42,70,35,-6500.912569211919
NT,2030,42,71,35,-7284.685953255768
NT,2030,42,72,35,-7159.3129039249525
NT,2030,42,73,35,-6917.870030961467
NT,2030,42,74,35,-6505.158042085181
NT,2030,42,75,35,-6056.59911159446
NT,2030,42,76,35,-5382.785864887065
NT,2030,42,77,35,-4547.3449065855975
NT,2030,42,78,35,-3668.7225144358986
NT,2030,42,79,35,-2811.013324308664
NT,2030,42,80,35,-3499.0928900302865
NT,2030,42,81,35,-3857.0986755396
NT,2030,42,82,35,1721.158966115767
NT,2030,42,83,35,3712.032755412546
NT,2030,42,84,35,3666.429920605096
NT,2030,42,85,35,3781.7447464739967
NT,2030,42,86,35,-1901.1954179197012
NT,2030,42,87,35,-3525.9299798789925
NT,2030,42,88,35,-2912.2584848659744
NT,2030,42,89,35,-1898.6896544054505
NT,2030,42,90,35,-1253.4960031322535
NT,2030,42,91,35,-1710.636909293219
NT,2030,42,92,35,-2205.7756097167517
NT,2030,42,93,35,-2742.8500731684576
NT,2030,42,94,35,-3190.059553591117
NT,2030,42,95,35,-3620.869584345812
NT,2030,42,96,35,-3967.1744445063855
NT,2030,42,97,35,-4470.5257963282875
NT,2030,42,98,35,-5355.300709904847
NT,2030,42,99,35,-5899.723774237359
NT,2030,42,100,35,-6128.905561627846
NT,2030,42,101,35,-6199.515559101955
NT,2030,42,102,35,-6334.10856968964
NT,2030,42,103,35,-6030.84350120208
NT,2030,42,104,35,827.2434108283063
NT,2030,42,105,35,-1074.0850172477808
NT,2030,42,106,35,1339.4549417233047
NT,2030,42,107,35,3730.586923069308
NT,2030,42,108,35,5154.606605141552
NT,2030,42,109,35,2788.6000223431533
NT,2030,42,110,35,-3597.1290793747817
NT,2030,42,111,35,-6358.612025131549
NT,2030,42,112,35,-5949.161098638231
NT,2030,42,113,35,-4395.26137077744
NT,2030,42,114,35,-8447.44151185156
NT,2030,42,115,35,-10597.767866911661
NT,2030,42,116,35,-10060.836297380274
NT,2030,42,117,35,-9770.57260716416
NT,2030,42,118,35,-13404.698078378473
NT,2030,42,119,35,-12965.048397026838
NT,2030,42,120,35,-10007.93181594587
NT,2030,42,121,35,-7055.519964900564
NT,2030,42,122,35,-4694.241657067656
NT,2030,42,123,35,-2775.6698160519304
NT,2030,42,124,35,-1233.8333634184253
NT,2030,42,125,35,-153.62004503048266
NT,2030,42,126,35,410.5760117750735
NT,2030,42,127,35,959.5219649480224
NT,2030,42,128,35,206.42315840353982
NT,2030,42,129,35,-262.0513753936021
NT,2030,42,130,35,30.78237537653647
NT,2030,42,131,35,-1242.8361094765448
NT,2030,42,132,35,-859.7451242083393
NT,2030,42,133,35,-1987.9284443274144
NT,2030,42,134,35,-1594.8577472909183
NT,2030,42,135,35,-1026.2563647382324
NT,2030,42,136,35,-249.43009421972826
NT,2030,42,137,35,-1366.5306099466416
NT,2030,42,138,35,-5376.083257857605
NT,2030,42,139,35,-6042.0555115525085
NT,2030,42,140,35,-4569.333817195791
NT,2030,42,141,35,-2881.606983608215
NT,2030,42,142,35,447.9207275647568
NT,2030,42,143,35,260.5055367394507
NT,2030,42,144,35,228.54329507363946
NT,2030,42,145,35,303.4466547162574
NT,2030,42,146,35,-90.03960311199626
NT,2030,42,147,35,-965.5205389794592
NT,2030,42,148,35,-2626.979341502829
NT,2030,42,149,35,-4334.683654906519
NT,2030,42,150,35,-5299.4557437230005
NT,2030,42,151,35,-3696.723348577837
NT,2030,42,152,35,1478.1142988047109
NT,2030,42,153,35,1463.8912410185928
NT,2030,42,154,35,2954.0036134036864
NT,2030,42,155,35,2818.4037938245733
NT,2030,42,156,35,2583.490788175547
NT,2030,42,157,35,2621.6073909333354
NT,2030,42,158,35,1643.4219870114994
NT,2030,42,159,35,-1289.2581692391964
NT,2030,42,160,35,-520.2382221800007
NT,2030,42,161,35,-7166.993775506152
NT,2030,42,162,35,-6556.106392075814
NT,2030,42,163,35,-6629.598370784318
NT,2030,42,164,35,-7126.936491318597
NT,2030,42,165,35,-6729.568752915172
NT,2030,42,166,35,-3453.0841375083455
NT,2030,42,167,35,-2007.9629809529906
NT,2040,21,0,35,-10937.749981191098
NT,2040,21,1,35,-4321.357622278641
NT,2040,21,2,35,-4279.767986887998
NT,2040,21,3,35,-4287.2552125877555
NT,2040,21,4,35,-4471.796336572954
NT,2040,21,5,35,-4247.481480555021
NT,2040,21,6,35,-3696.337186691598
NT,2040,21,7,35,-3640.896450880047
NT,2040,21,8,35,-4754.129674155118
NT,2040,21,9,35,-1558.6314071039628
NT,2040,21,10,35,-1563.7625391795823
NT,2040,21,11,35,-665.1809996636342
NT,2040,21,12,35,2031.5506316871827
NT,2040,21,13,35,2616.9302545023347
NT,2040,21,14,35,3516.9427143286525
NT,2040,21,15,35,-30.848288424961765
NT,2040,21,16,35,-7965.07982899421
NT,2040,21,17,35,-12897.748699312488
NT,2040,21,18,35,-13638.755514811979
NT,2040,21,19,35,-13258.550565308104
NT,2040,21,20,35,-14366.641357556799
NT,2040,21,21,35,-14428.229643707193
NT,2040,21,22,35,-13644.403399406327
NT,2040,21,23,35,-14065.850787588537
NT,2040,21,24,35,-13600.40012095742
NT,2040,21,25,35,-13187.042087702506
NT,2040,21,26,35,-12204.264842057173
NT,2040,21,27,35,-11551.790521209767
NT,2040,21,28,35,-10829.88333068062
NT,2040,21,29,35,-9426.158317093308
NT,2040,21,30,35,-7824.475631915019
NT,2040,21,31,35,-6344.064128797785
NT,2040,21,32,35,-6560.947489716798
NT,2040,21,33,35,-1718.7213136337095
NT,2040,21,34,35,2633.0187967682714
NT,2040,21,35,35,1797.5121386665255
NT,2040,21,36,35,1615.2409815454375
NT,2040,21,37,35,376.88330737728995
NT,2040,21,38,35,-818.5685722591353
NT,2040,21,39,35,137.32906494736812
NT,2040,21,40,35,2849.2217678935235
NT,2040,21,41,35,-2683.24481025957
NT,2040,21,42,35,-10759.005924783922
NT,2040,21,43,35,-15059.48895148836
NT,2040,21,44,35,-12066.890803646671
NT,2040,21,45,35,-8667.659550386114
NT,2040,21,46,35,-8491.325465780666
NT,2040,21,47,35,-8005.817574223728
NT,2040,21,48,35,-7481.741435065388
NT,2040,21,49,35,-6901.483151220489
NT,2040,21,50,35,-6347.512241042092
NT,2040,21,51,35,-5662.7398535049915
NT,2040,21,52,35,-5559.13867599196
NT,2040,21,53,35,-5104.4919871787415
NT,2040,21,54,35,-6012.4371613912535
NT,2040,21,55,35,2803.1471136105847
NT,2040,21,56,35,4214.144718418396
NT,2040,21,57,35,3531.1778013284074
NT,2040,21,58,35,3846.7032359973164
NT,2040,21,59,35,3117.2594296733287
NT,2040,21,60,35,3123.2391124184574
NT,2040,21,61,35,9004.097279909496
NT,2040,21,62,35,9157.679804181065
NT,2040,21,63,35,984.4016025778001
NT,2040,21,64,35,-3684.0516835332023
NT,2040,21,65,35,-4382.584954553516
NT,2040,21,66,35,-4079.386469450913
NT,2040,21,67,35,-3429.107145717326
NT,2040,21,68,35,-3045.5330932375614
NT,2040,21,69,35,-2601.1830051226457
NT,2040,21,70,35,-1488.8076989997123
NT,2040,21,71,35,-1265.0352200880611
NT,2040,21,72,35,-1151.2996887396662
NT,2040,21,73,35,-1019.4924461867853
NT,2040,21,74,35,-715.4550171235599
NT,2040,21,75,35,-354.39136166444587
NT,2040,21,76,35,-2770.4197948201927
NT,2040,21,77,35,-6770.0986586773615
NT,2040,21,78,35,-10044.012507801737
NT,2040,21,79,35,3687.529512388486
NT,2040,21,80,35,3458.9228927723766
NT,2040,21,81,35,4392.208388173563
NT,2040,21,82,35,3826.1595664028105
NT,2040,21,83,35,3009.1497050031817
NT,2040,21,84,35,3108.2944021477747
NT,2040,21,85,35,7650.478180185821
NT,2040,21,86,35,10498.719973964719
NT,2040,21,87,35,3142.431983825518
NT,2040,21,88,35,-2855.369897127243
NT,2040,21,89,35,-3346.645129398178
NT,2040,21,90,35,-3023.569325662973
NT,2040,21,91,35,-2540.217057123027
NT,2040,21,92,35,-2565.433695639748
NT,2040,21,93,35,-2098.19904860579
NT,2040,21,94,35,-5096.956548861463
NT,2040,21,95,35,-2961.07657966017
NT,2040,21,96,35,-2669.8072716452025
NT,2040,21,97,35,-3996.570405707076
NT,2040,21,98,35,-5171.156274627549
NT,2040,21,99,35,-6261.0083988521255
NT,2040,21,100,35,-8870.130219229402
NT,2040,21,101,35,-11558.11576280848
NT,2040,21,102,35,-13171.431507346022
NT,2040,21,103,35,1105.622398787893
NT,2040,21,104,35,2381.8408462747866
NT,2040,21,105,35,4407.54384941672
NT,2040,21,106,35,3893.479333716774
NT,2040,21,107,35,3092.0220570449947
NT,2040,21,108,35,3200.6215453081995
NT,2040,21,109,35,6592.029220918095
NT,2040,21,110,35,10514.274826686296
NT,2040,21,111,35,5341.798327647772
NT,2040,21,112,35,-2680.2687125605007
NT,2040,21,113,35,-2739.029396880495
NT,2040,21,114,35,-2970.426710373642
NT,2040,21,115,35,-12467.83150140852
NT,2040,21,116,35,-12640.701091250114
NT,2040,21,117,35,-10546.88600291223
NT,2040,21,118,35,-10500.847770555538
NT,2040,21,119,35,-8904.84872411784
NT,2040,21,120,35,-8053.607918467387
NT,2040,21,121,35,-8096.95500517955
NT,2040,21,122,35,-8795.750130933588
NT,2040,21,123,35,-9380.996683371795
NT,2040,21,124,35,-8781.29325263996
NT,2040,21,125,35,-9381.619645676641
NT,2040,21,126,35,-10794.61691430209
NT,2040,21,127,35,1679.712329400164
NT,2040,21,128,35,1500.799606103634
NT,2040,21,129,35,3092.2038914109717
NT,2040,21,130,35,2631.278402606167
NT,2040,21,131,35,2224.409160372047
NT,2040,21,132,35,1889.4938919715407
NT,2040,21,133,35,2002.652656244025
NT,2040,21,134,35,6469.906498733909
NT,2040,21,135,35,9462.063090830005
NT,2040,21,136,35,-540.0645023431753
NT,2040,21,137,35,-3676.1902664120894
NT,2040,21,138,35,-6524.645319594505
NT,2040,21,139,35,-13782.6653076839
NT,2040,21,140,35,-12915.332816709635
NT,2040,21,141,35,-12120.973008498711
NT,2040,21,142,35,-11413.754388253297
NT,2040,21,143,35,-10048.650588593338
NT,2040,21,144,35,-10367.256548918911
NT,2040,21,145,35,-10775.294704838245
NT,2040,21,146,35,-10859.022701678916
NT,2040,21,147,35,-10597.447816260983
NT,2040,21,148,35,-10666.402141658973
NT,2040,21,149,35,-10839.225632788342
NT,2040,21,150,35,-10727.001375685073
NT,2040,21,151,35,-4143.740739173949
NT,2040,21,152,35,1180.4482960573405
NT,2040,21,153,35,2954.013035637683
NT,2040,21,154,35,2596.337565033504
NT,2040,21,155,35,2319.0767967228744
NT,2040,21,156,35,1954.1979070223288
NT,2040,21,157,35,5937.099590037713
NT,2040,21,158,35,8763.53850607917
NT,2040,21,159,35,2743.399084789158
NT,2040,21,160,35,-7397.856941988903
NT,2040,21,161,35,-11627.45215503191
NT,2040,21,162,35,-10745.633325319777
NT,2040,21,163,35,-15059.48895148836
NT,2040,21,164,35,-15059.48895148836
NT,2040,21,165,35,-15059.48895148836
NT,2040,21,166,35,-15059.48895148836
NT,2040,21,167,35,-15059.48895148836
NT,2040,42,0,35,-11102.782357205653
NT,2040,42,1,35,-4426.554163263341
NT,2040,42,2,35,-4244.098370658862
NT,2040,42,3,35,-4069.4581757857054
NT,2040,42,4,35,-3713.9670918466118
NT,2040,42,5,35,-2644.4213179400354
NT,2040,42,6,35,-2630.0074977433987
NT,2040,42,7,35,-1650.0574187418276
NT,2040,42,8,35,-2108.388740178914
NT,2040,42,9,35,1520.367419466877
NT,2040,42,10,35,9560.199433145459
NT,2040,42,11,35,-6727.123033110821
NT,2040,42,12,35,10020.733214555277
NT,2040,42,13,35,9437.239220244415
NT,2040,42,14,35,2101.107072204139
NT,2040,42,15,35,-3406.2425790602038
NT,2040,42,16,35,-9587.281508836853
NT,2040,42,17,35,-5897.027974738053
NT,2040,42,18,35,-1586.3071746342168
NT,2040,42,19,35,-1995.1150360993659
NT,2040,42,20,35,-2584.0978877219095
NT,2040,42,21,35,-3259.4052931363385
NT,2040,42,22,35,-3951.960443103403
NT,2040,42,23,35,-4550.985350117705
NT,2040,42,24,35,-4990.751368217709
NT,2040,42,25,35,-5281.905729214375
NT,2040,42,26,35,-5621.775446665031
NT,2040,42,27,35,-5840.228538927644
NT,2040,42,28,35,-5852.581369710572
NT,2040,42,29,35,-5417.766716587573
NT,2040,42,30,35,-4706.831128064595
NT,2040,42,31,35,-3580.482962493366
NT,2040,42,32,35,2378.7377737955157
NT,2040,42,33,35,4253.572342226873
NT,2040,42,34,35,4036.464101049093
NT,2040,42,35,35,2898.543092769876
NT,2040,42,36,35,2759.832810398316
NT,2040,42,37,35,3213.564041593428
NT,2040,42,38,35,8017.358986022236
NT,2040,42,39,35,10999.118505708293
NT,2040,42,40,35,2074.441827118764
NT,2040,42,41,35,-6629.579559986864
NT,2040,42,42,35,-8923.74462645886
NT,2040,42,43,35,-3049.6103428240876
NT,2040,42,44,35,-3930.6147871270687
NT,2040,42,45,35,-3990.079339880811
NT,2040,42,46,35,-2384.362475168804
NT,2040,42,47,35,234.0570638262452
NT,2040,42,48,35,983.8330645493952
NT,2040,42,49,35,786.5773864576695
NT,2040,42,50,35,100.93609082664625
NT,2040,42,51,35,-660.6310533398573
NT,2040,42,52,35,-3828.2708663337216
NT,2040,42,53,35,-4424.171492913592
NT,2040,42,54,35,-3744.972820333166
NT,2040,42,55,35,-3161.5048167120417
NT,2040,42,56,35,4343.047906086262
NT,2040,42,57,35,3741.871914561205
NT,2040,42,58,35,6475.0221447042395
NT,2040,42,59,35,5900.670069969168
NT,2040,42,60,35,12297.44211803903
NT,2040,42,61,35,9919.738011847083
NT,2040,42,62,35,4249.339872983821
NT,2040,42,63,35,977.2652319209519
NT,2040,42,64,35,-8733.767163004508
NT,2040,42,65,35,-5283.086314324753
NT,2040,42,66,35,-1336.5621838456607
NT,2040,42,67,35,-2479.7257027076043
NT,2040,42,68,35,-3684.237069482282
NT,2040,42,69,35,-4695.217344866673
NT,2040,42,70,35,-5293.785196894769
NT,2040,42,71,35,-6171.170629974459
NT,2040,42,72,35,-6088.6250930775395
NT,2040,42,73,35,-5876.201955315164
NT,2040,42,74,35,-5493.913882375527
NT,2040,42,75,35,-5036.22777710381
NT,2040,42,76,35,-4331.054493969409
NT,2040,42,77,35,-3404.575817980588
NT,2040,42,78,35,-3444.4791774975765
NT,2040,42,79,35,-1423.235498222789
NT,2040,42,80,35,-2119.139348714152
NT,2040,42,81,35,-65.29513737976174
NT,2040,42,82,35,5578.455807153625
NT,2040,42,83,35,9267.863155592553
NT,2040,42,84,35,9846.176994958347
NT,2040,42,85,35,7023.92818957694
NT,2040,42,86,35,1075.2278500124737
NT,2040,42,87,35,-5633.277584940066
NT,2040,42,88,35,-1522.5755809057046
NT,2040,42,89,35,-683.9938555339177
NT,2040,42,90,35,-3848.3429125179496
NT,2040,42,91,35,-2376.247178987631
NT,2040,42,92,35,-768.3625967714371
NT,2040,42,93,35,-1432.2813866667052
NT,2040,42,94,35,-1992.0593560549614
NT,2040,42,95,35,-2502.9076887353
NT,2040,42,96,35,-2909.124260278809
NT,2040,42,97,35,-3436.112654482262
NT,2040,42,98,35,-4337.035646517505
NT,2040,42,99,35,-4883.564981953322
NT,2040,42,100,35,-5089.343757084849
NT,2040,42,101,35,-5072.660518833037
NT,2040,42,102,35,-5087.196076532257
NT,2040,42,103,35,-4606.402078959323
NT,2040,42,104,35,2231.056774057027
NT,2040,42,105,35,1009.9812851869574
NT,2040,42,106,35,6401.6442501464535
NT,2040,42,107,35,7972.12981826044
NT,2040,42,108,35,13304.501065410786
NT,2040,42,109,35,9583.150189770888
NT,2040,42,110,35,691.8904167039873
NT,2040,42,111,35,-4915.815038348381
NT,2040,42,112,35,-4537.686946022714
NT,2040,42,113,35,-11123.370435834076
NT,2040,42,114,35,-15059.48895148836
NT,2040,42,115,35,-15059.48895148836
NT,2040,42,116,35,-15059.48895148836
NT,2040,42,117,35,-14429.31360806235
NT,2040,42,118,35,-12229.10736291344
NT,2040,42,119,35,-11885.176001700951
NT,2040,42,120,35,-8980.716198202643
NT,2040,42,121,35,-6058.2602028488045
NT,2040,42,122,35,-715.5366614196951
NT,2040,42,123,35,2991.4641090453024
NT,2040,42,124,35,1945.0499039188926
NT,2040,42,125,35,-757.782231844536
NT,2040,42,126,35,-2460.2529046677864
NT,2040,42,127,35,-1716.8342577493331
NT,2040,42,128,35,1326.3595473390126
NT,2040,42,129,35,857.2165494468436
NT,2040,42,130,35,1175.0361532777335
NT,2040,42,131,35,2976.3724185485225
NT,2040,42,132,35,4043.7215753831915
NT,2040,42,133,35,1616.2725922149355
NT,2040,42,134,35,-481.11921470033707
NT,2040,42,135,35,84.64739735118967
NT,2040,42,136,35,875.6400778467771
NT,2040,42,137,35,-6548.210606878723
NT,2040,42,138,35,-10451.162415030654
NT,2040,42,139,35,-7874.946136348532
NT,2040,42,140,35,-5693.358250031439
NT,2040,42,141,35,-4811.034916673404
NT,2040,42,142,35,-4614.266674923096
NT,2040,42,143,35,-4480.201872827985
NT,2040,42,144,35,-4292.830348374202
NT,2040,42,145,35,-4084.5756508861086
NT,2040,42,146,35,-4390.059005624418
NT,2040,42,147,35,-5216.150557104655
NT,2040,42,148,35,-5513.483881068121
NT,2040,42,149,35,-5392.703952171813
NT,2040,42,150,35,-5611.659186097665
NT,2040,42,151,35,-5345.274945868183
NT,2040,42,152,35,2472.0581438052577
NT,2040,42,153,35,2491.7766540970624
NT,2040,42,154,35,4032.8282008081965
NT,2040,42,155,35,3886.6651851837605
NT,2040,42,156,35,5548.116232941691
NT,2040,42,157,35,10363.270920155317
NT,2040,42,158,35,6177.913054372646
NT,2040,42,159,35,-285.81518294595753
NT,2040,42,160,35,530.2164360027489
NT,2040,42,161,35,-7094.506039809715
NT,2040,42,162,35,-11264.539467831852
NT,2040,42,163,35,-8778.788792899497
NT,2040,42,164,35,-5883.30041987747
NT,2040,42,165,35,-6716.426016150258
NT,2040,42,166,35,-8237.518544993445
NT,2040,42,167,35,-6665.157431465679
GA,2040,21,0,35,-11418.846942984594
GA,2040,21,1,35,-4790.406887460887
GA,2040,21,2,35,-4744.646895550963
GA,2040,21,3,35,-4747.384548548209
GA,2040,21,4,35,-4927.987002487422
GA,2040,21,5,35,-4740.278609249828
GA,2040,21,6,35,-4272.309759298691
GA,2040,21,7,35,-4295.5265811702075
GA,2040,21,8,35,-3139.871724709904
GA,2040,21,9,35,1904.230543155813
GA,2040,21,10,35,1904.5445120224563
GA,2040,21,11,35,2320.5091967930975
GA,2040,21,12,35,2786.066302926727
GA,2040,21,13,35,4751.4137121090835
GA,2040,21,14,35,6101.596869399456
GA,2040,21,15,35,3184.044818849724
GA,2040,21,16,35,-4797.697948233847
GA,2040,21,17,35,-12762.730019914688
GA,2040,21,18,35,-15059.48895148836
GA,2040,21,19,35,-15059.48895148836
GA,2040,21,20,35,-15059.48895148836
GA,2040,21,21,35,-15059.48895148836
GA,2040,21,22,35,-15059.48895148836
GA,2040,21,23,35,-15059.48895148836
GA,2040,21,24,35,-14121.115469684068
GA,2040,21,25,35,-13692.466129191795
GA,2040,21,26,35,-12702.96997582096
GA,2040,21,27,35,-12766.614034236358
GA,2040,21,28,35,-15059.48895148836
GA,2040,21,29,35,-11961.873047758498
GA,2040,21,30,35,-8413.770176736476
GA,2040,21,31,35,-7016.1865878215895
GA,2040,21,32,35,-6377.630172013647
GA,2040,21,33,35,693.8630828020116
GA,2040,21,34,35,1919.1927725516778
GA,2040,21,35,35,3406.834596549299
GA,2040,21,36,35,4774.280135566352
GA,2040,21,37,35,3317.422229675285
GA,2040,21,38,35,-587.5308472865763
GA,2040,21,39,35,-3057.621550422776
GA,2040,21,40,35,-4566.9910030930205
GA,2040,21,41,35,-4814.429635486009
GA,2040,21,42,35,-7112.715173554845
GA,2040,21,43,35,-12931.702420250831
GA,2040,21,44,35,-10697.968780471832
GA,2040,21,45,35,-7055.538048099526
GA,2040,21,46,35,-7659.290627452536
GA,2040,21,47,35,-6023.61883781697
GA,2040,21,48,35,-5115.772906828963
GA,2040,21,49,35,-4718.374572580364
GA,2040,21,50,35,-4393.142483723499
GA,2040,21,51,35,-3530.1770882879628
GA,2040,21,52,35,-4201.985406396083
GA,2040,21,53,35,-6885.654530094154
GA,2040,21,54,35,-7214.654811339043
GA,2040,21,55,35,4161.059105648833
GA,2040,21,56,35,3525.3408333174766
GA,2040,21,57,35,3648.0589313219416
GA,2040,21,58,35,3133.803957673895
GA,2040,21,59,35,2429.613976938875
GA,2040,21,60,35,2422.850903652873
GA,2040,21,61,35,6632.062249309051
GA,2040,21,62,35,9803.909087235634
GA,2040,21,63,35,3893.4885537311675
GA,2040,21,64,35,-4356.289985793654
GA,2040,21,65,35,-5052.390548844386
GA,2040,21,66,35,-4754.405009390883
GA,2040,21,67,35,-4113.740674298968
GA,2040,21,68,35,-3753.3352691485297
GA,2040,21,69,35,-3259.2884325122063
GA,2040,21,70,35,-2085.1686812566136
GA,2040,21,71,35,-1810.541021457087
GA,2040,21,72,35,-1667.0337782905062
GA,2040,21,73,35,-1523.758055309608
GA,2040,21,74,35,-1218.799937313403
GA,2040,21,75,35,-832.9185770347698
GA,2040,21,76,35,-309.8029386407809
GA,2040,21,77,35,-3240.0729225491405
GA,2040,21,78,35,-7277.87377209554
GA,2040,21,79,35,3003.706886463371
GA,2040,21,80,35,2763.1684134726593
GA,2040,21,81,35,3686.3755472855883
GA,2040,21,82,35,3105.8463209340043
GA,2040,21,83,35,2324.0528034749536
GA,2040,21,84,35,2402.577404496446
GA,2040,21,85,35,4441.64715037496
GA,2040,21,86,35,9780.376063518905
GA,2040,21,87,35,6044.851464437343
GA,2040,21,88,35,-3536.643971846132
GA,2040,21,89,35,-4026.7607717506003
GA,2040,21,90,35,-3705.885989511681
GA,2040,21,91,35,-3233.42298521652
GA,2040,21,92,35,-3279.838936039576
GA,2040,21,93,35,-2774.0005244103018
GA,2040,21,94,35,-1686.6119089539443
GA,2040,21,95,35,-680.4424452533499
GA,2040,21,96,35,-851.5790267729881
GA,2040,21,97,35,-1572.3892413107878
GA,2040,21,98,35,-2747.97523081249
GA,2040,21,99,35,-3188.691043333123
GA,2040,21,100,35,-6235.034736702277
GA,2040,21,101,35,-8643.445716722517
GA,2040,21,102,35,-11923.13079446376
GA,2040,21,103,35,2106.2609697634316
GA,2040,21,104,35,1686.2022102117155
GA,2040,21,105,35,3697.6564952461113
GA,2040,21,106,35,3172.7027153013814
GA,2040,21,107,35,2405.535036677007
GA,2040,21,108,35,2492.3559964506435
GA,2040,21,109,35,2762.009388477866
GA,2040,21,110,35,9215.17355345298
GA,2040,21,111,35,8334.370893374755
GA,2040,21,112,35,-2982.325593494683
GA,2040,21,113,35,-3412.7644251032075
GA,2040,21,114,35,-3450.051171078454
GA,2040,21,115,35,-9240.442385774262
GA,2040,21,116,35,-8889.301250087392
GA,2040,21,117,35,-7602.642136275528
GA,2040,21,118,35,-7743.515328100108
GA,2040,21,119,35,-6337.205818569335
GA,2040,21,120,35,-5611.535708117955
GA,2040,21,121,35,-5725.113484534382
GA,2040,21,122,35,-6460.801947284961
GA,2040,21,123,35,-7070.940389744932
GA,2040,21,124,35,-6833.858827071623
GA,2040,21,125,35,-7053.00555904248
GA,2040,21,126,35,-7832.983181840117
GA,2040,21,127,35,1147.0651272989148
GA,2040,21,128,35,1329.3577022785284
GA,2040,21,129,35,2503.0251898261613
GA,2040,21,130,35,2026.8083937840013
GA,2040,21,131,35,1620.0549947865275
GA,2040,21,132,35,1301.9369956997841
GA,2040,21,133,35,1415.9066626287945
GA,2040,21,134,35,5898.683498829328
GA,2040,21,135,35,8897.327312177635
GA,2040,21,136,35,2193.82066870782
GA,2040,21,137,35,-4243.822125980624
GA,2040,21,138,35,-3763.3123948141565
GA,2040,21,139,35,-10863.868953614088
GA,2040,21,140,35,-10307.713485237955
GA,2040,21,141,35,-9341.415664238144
GA,2040,21,142,35,-11045.461019313465
GA,2040,21,143,35,-10716.61614352066
GA,2040,21,144,35,-11327.05656091019
GA,2040,21,145,35,-11813.16809013798
GA,2040,21,146,35,-12336.701150654895
GA,2040,21,147,35,-12601.340609686826
GA,2040,21,148,35,-13057.451705363921
GA,2040,21,149,35,-13212.730119941141
GA,2040,21,150,35,-12508.134039137072
GA,2040,21,151,35,-3258.207263803464
GA,2040,21,152,35,2973.3082904873536
GA,2040,21,153,35,2416.037044650688
GA,2040,21,154,35,2035.3087699538269
GA,2040,21,155,35,1751.560780390986
GA,2040,21,156,35,1404.7534356073177
GA,2040,21,157,35,1946.25182551927
GA,2040,21,158,35,8245.835081505336
GA,2040,21,159,35,5680.016930934289
GA,2040,21,160,35,-4876.441832195102
GA,2040,21,161,35,-12161.079417357061
GA,2040,21,162,35,-11275.367476459867
GA,2040,21,163,35,-15059.48895148836
GA,2040,21,164,35,-15059.48895148836
GA,2040,21,165,35,-15059.48895148836
GA,2040,21,166,35,-15059.48895148836
GA,2040,21,167,35,-15059.48895148836
GA,2040,42,0,35,-11576.117822143822
GA,2040,42,1,35,-4891.31722868966
GA,2040,42,2,35,-4710.5990846348805
GA,2040,42,3,35,-4536.538105944956
GA,2040,42,4,35,-4196.801702189807
GA,2040,42,5,35,-3483.9724321341705
GA,2040,42,6,35,-2929.232738082062
GA,2040,42,7,35,-2315.5768132767735
GA,2040,42,8,35,-2807.8502030513246
GA,2040,42,9,35,4914.998921184864
GA,2040,42,10,35,11271.223260821302
GA,2040,42,11,35,-5700.194426946718
GA,2040,42,12,35,11072.57278901979
GA,2040,42,13,35,6236.396884335241
GA,2040,42,14,35,4867.25114194037
GA,2040,42,15,35,-3537.1426110911757
GA,2040,42,16,35,-7571.650197033113
GA,2040,42,17,35,-9350.110275338682
GA,2040,42,18,35,-2378.3273835872924
GA,2040,42,19,35,-2749.138663432345
GA,2040,42,20,35,-3288.8881394800655
GA,2040,42,21,35,-3913.803736953206
GA,2040,42,22,35,-4539.053966428573
GA,2040,42,23,35,-5104.947707761937
GA,2040,42,24,35,-5516.447976120159
GA,2040,42,25,35,-4656.113163542503
GA,2040,42,26,35,-4001.7986934908477
GA,2040,42,27,35,-3678.766501651402
GA,2040,42,28,35,-4729.872034579335
GA,2040,42,29,35,-5981.807435820062
GA,2040,42,30,35,-5316.398239299214
GA,2040,42,31,35,-4271.256182617279
GA,2040,42,32,35,3990.3030525469344
GA,2040,42,33,35,3517.3885733374764
GA,2040,42,34,35,3286.494986998747
GA,2040,42,35,35,2187.265619759508
GA,2040,42,36,35,2835.640402988669
GA,2040,42,37,35,2464.232577265481
GA,2040,42,38,35,4771.7912516732
GA,2040,42,39,35,10254.941553490278
GA,2040,42,40,35,5337.67409581965
GA,2040,42,41,35,-7603.0763699502695
GA,2040,42,42,35,-9487.060282762568
GA,2040,42,43,35,-3811.8588399589767
GA,2040,42,44,35,-4617.202361692491
GA,2040,42,45,35,-1113.288050222729
GA,2040,42,46,35,291.6268266797888
GA,2040,42,47,35,2753.9108678993907
GA,2040,42,48,35,2763.3899802806536
GA,2040,42,49,35,3155.544964498511
GA,2040,42,50,35,2093.2577913788477
GA,2040,42,51,35,1764.4391071286373
GA,2040,42,52,35,-1184.952170138693
GA,2040,42,53,35,-5036.466131728113
GA,2040,42,54,35,-7615.93436352768
GA,2040,42,55,35,-3852.0463503626615
GA,2040,42,56,35,3623.4297200373358
GA,2040,42,57,35,3141.3792243309763
GA,2040,42,58,35,5731.07687895952
GA,2040,42,59,35,5182.442002760001
GA,2040,42,60,35,8930.168056568262
GA,2040,42,61,35,11653.959435840714
GA,2040,42,62,35,5408.217668194069
GA,2040,42,63,35,4087.089428449818
GA,2040,42,64,35,-6058.044692590862
GA,2040,42,65,35,-9169.074203950375
GA,2040,42,66,35,-3386.9649758628
GA,2040,42,67,35,-3235.023605643696
GA,2040,42,68,35,-4389.722380660319
GA,2040,42,69,35,-5354.4812046227
GA,2040,42,70,35,-5891.304611518138
GA,2040,42,71,35,-6722.352749939171
GA,2040,42,72,35,-6618.607900735917
GA,2040,42,73,35,-6391.820201629357
GA,2040,42,74,35,-5994.472507925657
GA,2040,42,75,35,-5541.30428888316
GA,2040,42,76,35,-4851.653999459409
GA,2040,42,77,35,-3970.2383425261296
GA,2040,42,78,35,-3044.6957566570754
GA,2040,42,79,35,-2111.1126374305354
GA,2040,42,80,35,-2827.8682705182946
GA,2040,42,81,35,3397.233439352946
GA,2040,42,82,35,5112.139701232586
GA,2040,42,83,35,5367.462922154806
GA,2040,42,84,35,11291.061931346761
GA,2040,42,85,35,8155.70273393219
GA,2040,42,86,35,4410.741112928765
GA,2040,42,87,35,-2855.7522783424142
GA,2040,42,88,35,-8777.931729091031
GA,2040,42,89,35,-4686.325284467927
GA,2040,42,90,35,-530.2813399448546
GA,2040,42,91,35,-937.1037407965532
GA,2040,42,92,35,-1479.8717562550987
GA,2040,42,93,35,-2081.003511887888
GA,2040,42,94,35,-2585.06088444911
GA,2040,42,95,35,-3056.290830196297
GA,2040,42,96,35,-3432.8515331582685
GA,2040,42,97,35,-3948.1397604604103
GA,2040,42,98,35,-4841.069569167033
GA,2040,42,99,35,-5386.556315473032
GA,2040,42,100,35,-5603.919414269223
GA,2040,42,101,35,-5630.445703286608
GA,2040,42,102,35,-5704.408841385554
GA,2040,42,103,35,-5312.234919847299
GA,2040,42,104,35,1517.230749840434
GA,2040,42,105,35,4470.842994284274
GA,2040,42,106,35,5667.545659516698
GA,2040,42,107,35,5577.580033023527
GA,2040,42,108,35,10514.269279590606
GA,2040,42,109,35,12585.219069305174
GA,2040,42,110,35,3977.2865260496765
GA,2040,42,111,35,-5647.36507777191
GA,2040,42,112,35,-5246.300024590209
GA,2040,42,113,35,-7100.396377667711
GA,2040,42,114,35,-11739.637761717015
GA,2040,42,115,35,-14116.516131307446
GA,2040,42,116,35,-13254.998542477633
GA,2040,42,117,35,-11550.966575277906
GA,2040,42,118,35,-12810.987940589512
GA,2040,42,119,35,-12419.676695588545
GA,2040,42,120,35,-9489.152163844743
GA,2040,42,121,35,-6551.868234200137
GA,2040,42,122,35,-4199.926690356722
GA,2040,42,123,35,-2286.200511664658
GA,2040,42,124,35,-162.23269565725892
GA,2040,42,125,35,1731.6123308712686
GA,2040,42,126,35,141.61634966064594
GA,2040,42,127,35,467.0298791573023
GA,2040,42,128,35,747.9542667623393
GA,2040,42,129,35,262.8249022129346
GA,2040,42,130,35,2661.4473616263313
GA,2040,42,131,35,6078.518649684593
GA,2040,42,132,35,7055.645830610865
GA,2040,42,133,35,4631.422875710399
GA,2040,42,134,35,-934.5816820539419
GA,2040,42,135,35,-496.07474795841546
GA,2040,42,136,35,300.7726663524404
GA,2040,42,137,35,-4271.869621903557
GA,2040,42,138,35,-8579.88218183738
GA,2040,42,139,35,-9142.998260934677
GA,2040,42,140,35,-7530.401806031343
GA,2040,42,141,35,-5615.362723511411
GA,2040,42,142,35,-2108.520120901925
GA,2040,42,143,35,-2133.585615731654
GA,2040,42,144,35,-2054.7827365960147
GA,2040,42,145,35,-1912.5359974692
GA,2040,42,146,35,-2261.580159745594
GA,2040,42,147,35,-3112.119103211495
GA,2040,42,148,35,-4799.540252371029
GA,2040,42,149,35,-5942.16975291593
GA,2040,42,150,35,-6815.533906157869
GA,2040,42,151,35,-4957.926835102961
GA,2040,42,152,35,1957.3666433842366
GA,2040,42,153,35,3541.443365033889
GA,2040,42,154,35,3455.813039071284
GA,2040,42,155,35,3308.3757478437346
GA,2040,42,156,35,3050.1372067168113
GA,2040,42,157,35,9010.39510004985
GA,2040,42,158,35,8403.059760767945
GA,2040,42,159,35,-351.9572486214711
GA,2040,42,160,35,-7.581161302725809
GA,2040,42,161,35,-9141.79716688631
GA,2040,42,162,35,-11233.49986247713
GA,2040,42,163,35,-8551.203315140752
GA,2040,42,164,35,-6590.566412366644
GA,2040,42,165,35,-7293.672864360464
GA,2040,42,166,35,-5946.48976881473
GA,2040,42,167,35,-4359.879491726919
DE,2040,21,0,35,-10807.047338391712
DE,2040,21,1,35,-4193.928053125084
DE,2040,21,2,35,-4153.471404765689
DE,2040,21,3,35,-4162.248976806593
DE,2040,21,4,35,-4347.8601440990815
DE,2040,21,5,35,-4113.60017969574
DE,2040,21,6,35,-3539.85908893129
DE,2040,21,7,35,-3463.0489588358987
DE,2040,21,8,35,-4567.218285860976
DE,2040,21,9,35,-2499.4089311629828
DE,2040,21,10,35,-2506.0193681188625
DE,2040,21,11,35,-1602.9697240665969
DE,2040,21,12,35,1127.0009822469576
DE,2040,21,13,35,1728.562389058501
DE,2040,21,14,35,2243.2981114018567
DE,2040,21,15,35,-904.2721555885448
DE,2040,21,16,35,-8825.582420877086
DE,2040,21,17,35,-11915.22625752055
DE,2040,21,18,35,-12904.055790196866
DE,2040,21,19,35,-13067.988441024381
DE,2040,21,20,35,-14171.389925838186
DE,2040,21,21,35,-14246.8258312594
DE,2040,21,22,35,-13485.722271307477
DE,2040,21,23,35,-13916.107668291766
DE,2040,21,24,35,-13458.934101361165
DE,2040,21,25,35,-13049.730353887497
DE,2040,21,26,35,-12068.778476236956
DE,2040,21,27,35,-11418.349826418193
DE,2040,21,28,35,-10698.11064457394
DE,2040,21,29,35,-9287.870955556946
DE,2040,21,30,35,-7664.3782700271095
DE,2040,21,31,35,-6161.464385594787
DE,2040,21,32,35,-6372.525452047657
DE,2040,21,33,35,-2688.933985820492
DE,2040,21,34,35,1664.6791965058474
DE,2040,21,35,35,1982.1575528981691
DE,2040,21,36,35,1499.5293956031705
DE,2040,21,37,35,566.999291566826
DE,2040,21,38,35,-626.9104668326215
DE,2040,21,39,35,1439.1558999760166
DE,2040,21,40,35,3030.719995927252
DE,2040,21,41,35,-3312.1100817515144
DE,2040,21,42,35,-11327.78320547946
DE,2040,21,43,35,-14260.63037096998
DE,2040,21,44,35,-10184.639366649246
DE,2040,21,45,35,-8486.224266076344
DE,2040,21,46,35,-8328.552995624532
DE,2040,21,47,35,-7856.829779614456
DE,2040,21,48,35,-7340.716021536839
DE,2040,21,49,35,-6764.108473681521
DE,2040,21,50,35,-6212.718256185413
DE,2040,21,51,35,-5528.008812372272
DE,2040,21,52,35,-5427.586292919134
DE,2040,21,53,35,-5868.341148575921
DE,2040,21,54,35,-7245.9074193629
DE,2040,21,55,35,1875.5927637874283
DE,2040,21,56,35,4401.276409746391
DE,2040,21,57,35,3722.3693628517126
DE,2040,21,58,35,4040.3810746169734
DE,2040,21,59,35,3304.0764023815336
DE,2040,21,60,35,3313.517989944368
DE,2040,21,61,35,10295.78408892755
DE,2040,21,62,35,8249.869646025149
DE,2040,21,63,35,81.69353676403261
DE,2040,21,64,35,-3501.420468468225
DE,2040,21,65,35,-4200.614648590099
DE,2040,21,66,35,-3895.999929698437
DE,2040,21,67,35,-3243.10844142058
DE,2040,21,68,35,-2853.240016544985
DE,2040,21,69,35,-2422.3913572191236
DE,2040,21,70,35,-1326.7905535310747
DE,2040,21,71,35,-1116.8342220282682
DE,2040,21,72,35,-1011.186959208513
DE,2040,21,73,35,-882.495430991568
DE,2040,21,74,35,-580.2518980611533
DE,2040,21,75,35,-1005.9270727838375
DE,2040,21,76,35,-3199.27403765324
DE,2040,21,77,35,-7222.653908845601
DE,2040,21,78,35,-11557.374420644515
DE,2040,21,79,35,3257.679626783636
DE,2040,21,80,35,3647.9428958191215
DE,2040,21,81,35,4212.021410493115
DE,2040,21,82,35,4021.851604189134
DE,2040,21,83,35,3195.2742967478443
DE,2040,21,84,35,3300.020985324726
DE,2040,21,85,35,7845.855499352352
DE,2040,21,86,35,10693.876990097395
DE,2040,21,87,35,2241.5353117426857
DE,2040,21,88,35,-2670.2838768278925
DE,2040,21,89,35,-3161.8738277186176
DE,2040,21,90,35,-2838.2000586058093
DE,2040,21,91,35,-2508.3672572485666
DE,2040,21,92,35,-2387.464162092845
DE,2040,21,93,35,-1728.2768742160604
DE,2040,21,94,35,-5851.160518633698
DE,2040,21,95,35,-3662.1161434293244
DE,2040,21,96,35,-3341.411687286587
DE,2040,21,97,35,-4655.162976381216
DE,2040,21,98,35,-5829.477136242043
DE,2040,21,99,35,-6929.5032552554
DE,2040,21,100,35,-9236.318429092025
DE,2040,21,101,35,-12693.467808189147
DE,2040,21,102,35,-11233.848950506952
DE,2040,21,103,35,186.7325489777304
DE,2040,21,104,35,2570.8293774595536
DE,2040,21,105,35,4600.40341962492
DE,2040,21,106,35,4089.297258951013
DE,2040,21,107,35,3278.524311133407
DE,2040,21,108,35,3393.0405094486914
DE,2040,21,109,35,7856.53227118039
DE,2040,21,110,35,10708.487686959597
DE,2040,21,111,35,4463.544077201685
DE,2040,21,112,35,-2497.071003979899
DE,2040,21,113,35,-2556.272294367601
DE,2040,21,114,35,-4449.915560447849
DE,2040,21,115,35,-13344.636636869855
DE,2040,21,116,35,-13506.668054221322
DE,2040,21,117,35,-11346.767284599657
DE,2040,21,118,35,-10615.71749255888
DE,2040,21,119,35,-9602.416449902692
DE,2040,21,120,35,-8717.061062319543
DE,2040,21,121,35,-8741.328135065813
DE,2040,21,122,35,-9430.100215508648
DE,2040,21,123,35,-10008.584231351353
DE,2040,21,124,35,-9405.51468561801
DE,2040,21,125,35,-8626.438405854535
DE,2040,21,126,35,-7210.871520343429
DE,2040,21,127,35,1824.419950780272
DE,2040,21,128,35,1656.3335480045685
DE,2040,21,129,35,3252.269781436903
DE,2040,21,130,35,2795.498578413345
DE,2040,21,131,35,2388.5978643172457
DE,2040,21,132,35,2049.119175929764
DE,2040,21,133,35,2162.0576371683937
DE,2040,21,134,35,6625.094250153071
DE,2040,21,135,35,9615.488417978333
DE,2040,21,136,35,-1282.7963118194566
DE,2040,21,137,35,-3521.978142714279
DE,2040,21,138,35,-7274.834033263158
DE,2040,21,139,35,-13941.400947871502
DE,2040,21,140,35,-13885.21120399476
DE,2040,21,141,35,-10226.093469063615
DE,2040,21,142,35,-10217.663362130212
DE,2040,21,143,35,-9909.513486783539
DE,2040,21,144,35,-10235.89299701796
DE,2040,21,145,35,-10649.690503679478
DE,2040,21,146,35,-10737.195123957647
DE,2040,21,147,35,-10562.182768929797
DE,2040,21,148,35,-11008.825799502616
DE,2040,21,149,35,-11121.709892717421
DE,2040,21,150,35,-10980.926889978991
DE,2040,21,151,35,-4802.212550266022
DE,2040,21,152,35,470.9857514393152
DE,2040,21,153,35,3100.168362668832
DE,2040,21,154,35,2748.7557925985025
DE,2040,21,155,35,2473.2574485587047
DE,2040,21,156,35,2103.4689483894144
DE,2040,21,157,35,6279.07116801269
DE,2040,21,158,35,8904.186257263967
DE,2040,21,159,35,2471.6647535752563
DE,2040,21,160,35,-8082.915732500958
DE,2040,21,161,35,-11482.618646203884
DE,2040,21,162,35,-11467.202018039581
DE,2040,21,163,35,-15059.48895148836
DE,2040,21,164,35,-15059.48895148836
DE,2040,21,165,35,-15059.48895148836
DE,2040,21,166,35,-15059.48895148836
DE,2040,21,167,35,-15059.48895148836
DE,2040,42,0,35,-10974.18832915887
DE,2040,42,1,35,-4300.289053003012
DE,2040,42,2,35,-4117.361182468845
DE,2040,42,3,35,-3942.563628285793
DE,2040,42,4,35,-3582.7923711175363
DE,2040,42,5,35,-2040.3014134879622
DE,2040,42,6,35,-2895.4333867665628
DE,2040,42,7,35,-1469.2515716716405
DE,2040,42,8,35,-1918.3616375488389
DE,2040,42,9,35,598.1264912544743
DE,2040,42,10,35,7968.845960308458
DE,2040,42,11,35,-4884.500819228654
DE,2040,42,12,35,11293.577131648019
DE,2040,42,13,35,8558.562311261234
DE,2040,42,14,35,1230.2795360549121
DE,2040,42,15,35,-3206.805389698363
DE,2040,42,16,35,-9393.886916975009
DE,2040,42,17,35,-5700.014118748606
DE,2040,42,18,35,-1371.1340542828027
DE,2040,42,19,35,-1790.264686477112
DE,2040,42,20,35,-2392.6230794407916
DE,2040,42,21,35,-3081.6207448161485
DE,2040,42,22,35,-3792.4610465930964
DE,2040,42,23,35,-4400.486906133435
DE,2040,42,24,35,-4847.932058556349
DE,2040,42,25,35,-5141.950358993117
DE,2040,42,26,35,-5484.809903331791
DE,2040,42,27,35,-5703.137108146489
DE,2040,42,28,35,-5710.8321033565035
DE,2040,42,29,35,-5264.5302206111155
DE,2040,42,30,35,-4541.226190330334
DE,2040,42,31,35,-3392.816249511724
DE,2040,42,32,35,1447.2587375553212
DE,2040,42,33,35,4453.5760251043375
DE,2040,42,34,35,4240.212935502078
DE,2040,42,35,35,3091.7803253218262
DE,2040,42,36,35,2956.2487010101604
DE,2040,42,37,35,3417.124044874537
DE,2040,42,38,35,8220.981933027302
DE,2040,42,39,35,11201.293747062318
DE,2040,42,40,35,1187.885355405877
DE,2040,42,41,35,-7347.218670571701
DE,2040,42,42,35,-7788.889837635394
DE,2040,42,43,35,-2842.525491001313
DE,2040,42,44,35,-3736.5592861636615
DE,2040,42,45,35,-4771.635354990236
DE,2040,42,46,35,-3111.3653490814286
DE,2040,42,47,35,-450.52900688686896
DE,2040,42,48,35,322.7347325474584
DE,2040,42,49,35,136.46817642343376
DE,2040,42,50,35,-546.2145094470543
DE,2040,42,51,35,-1319.4651431781167
DE,2040,42,52,35,-4546.397910964741
DE,2040,42,53,35,-4270.494390869429
DE,2040,42,54,35,-3577.0074929504704
DE,2040,42,55,35,-2973.9010474543593
DE,2040,42,56,35,4538.5511127007085
DE,2040,42,57,35,3940.176116891797
DE,2040,42,58,35,6227.456723632815
DE,2040,42,59,35,8050.249163251723
DE,2040,42,60,35,11957.353886949706
DE,2040,42,61,35,8705.929699872924
DE,2040,42,62,35,4452.364854611285
DE,2040,42,63,35,66.28513473589555
DE,2040,42,64,35,-9332.918073898241
DE,2040,42,65,35,-2795.3245809007067
DE,2040,42,66,35,-1559.6623122628425
DE,2040,42,67,35,-2274.5291626035796
DE,2040,42,68,35,-3492.57343002929
DE,2040,42,69,35,-4516.1109783433585
DE,2040,42,70,35,-5131.45333280634
DE,2040,42,71,35,-6021.427510677688
DE,2040,42,72,35,-5944.641324522951
DE,2040,42,73,35,-5736.12069764599
DE,2040,42,74,35,-5357.923966763641
DE,2040,42,75,35,-4899.010458874738
DE,2040,42,76,35,-4189.619946235132
DE,2040,42,77,35,-3250.898715936423
DE,2040,42,78,35,-4332.424384404187
DE,2040,42,79,35,-1236.355581790627
DE,2040,42,80,35,-1926.5944971257438
DE,2040,42,81,35,-1005.9820917522296
DE,2040,42,82,35,5778.144771411298
DE,2040,42,83,35,8313.228469491849
DE,2040,42,84,35,9442.356840242706
DE,2040,42,85,35,8963.673863431279
DE,2040,42,86,35,168.99788286571834
DE,2040,42,87,35,-1924.7208550274522
DE,2040,42,88,35,-1328.745601405788
DE,2040,42,89,35,-2257.282710975277
DE,2040,42,90,35,-4560.41373521577
DE,2040,42,91,35,-2982.5582023004963
DE,2040,42,92,35,-575.0050107980495
DE,2040,42,93,35,-1255.9815498860148
DE,2040,42,94,35,-1830.8974848862395
DE,2040,42,95,35,-2352.509194363444
DE,2040,42,96,35,-2766.782562573616
DE,2040,42,97,35,-3296.949614836962
DE,2040,42,98,35,-4200.044165348764
DE,2040,42,99,35,-4746.856747542395
DE,2040,42,100,35,-4949.488336476008
DE,2040,42,101,35,-4921.066093705976
DE,2040,42,102,35,-4919.456586209894
DE,2040,42,103,35,-4414.586614222914
DE,2040,42,104,35,2424.986387572519
DE,2040,42,105,35,517.0166821049947
DE,2040,42,106,35,6601.081439508294
DE,2040,42,107,35,10398.754963805746
DE,2040,42,108,35,12064.087302276523
DE,2040,42,109,35,8779.97457829563
DE,2040,42,110,35,-200.72390547824762
DE,2040,42,111,35,-4717.07022995008
DE,2040,42,112,35,-4345.173566296286
DE,2040,42,113,35,-12044.011299584141
DE,2040,42,114,35,-15059.48895148836
DE,2040,42,115,35,-15059.48895148836
DE,2040,42,116,35,-15059.48895148836
DE,2040,42,117,35,-15059.48895148836
DE,2040,42,118,35,-12071.024200192196
DE,2040,42,119,35,-11739.964830529174
DE,2040,42,120,35,-8842.586195976175
DE,2040,42,121,35,-5139.244702505448
DE,2040,42,122,35,527.2030061277164
DE,2040,42,123,35,2364.5161114658786
DE,2040,42,124,35,1960.0093630067895
DE,2040,42,125,35,-1084.0829829940358
DE,2040,42,126,35,-2532.886962844723
DE,2040,42,127,35,-3076.711443527134
DE,2040,42,128,35,1483.4985542008837
DE,2040,42,129,35,1018.6986732618352
DE,2040,42,130,35,1342.057324801055
DE,2040,42,131,35,2133.5912953333427
DE,2040,42,132,35,3225.4546473267255
DE,2040,42,133,35,761.4605428326686
DE,2040,42,134,35,-321.8401212238849
DE,2040,42,135,35,242.41584145264272
DE,2040,42,136,35,4039.1619109801068
DE,2040,42,137,35,-7035.543476648281
DE,2040,42,138,35,-7622.107311672869
DE,2040,42,139,35,-8723.040681174469
DE,2040,42,140,35,-6481.857941109465
DE,2040,42,141,35,-4651.2522734052845
DE,2040,42,142,35,-5295.018628905727
DE,2040,42,143,35,-5117.721896432189
DE,2040,42,144,35,-4900.85484405961
DE,2040,42,145,35,-4674.667348635212
DE,2040,42,146,35,-4968.316264331377
DE,2040,42,147,35,-5761.114402838017
DE,2040,42,148,35,-5392.443099896331
DE,2040,42,149,35,-5268.956590869815
DE,2040,42,150,35,-5491.49961706129
DE,2040,42,151,35,-5217.688017404728
DE,2040,42,152,35,2611.887626578598
DE,2040,42,153,35,2640.009124018835
DE,2040,42,154,35,4189.5895453263165
DE,2040,42,155,35,4043.772720183652
DE,2040,42,156,35,6443.541553634765
DE,2040,42,157,35,10165.622324120723
DE,2040,42,158,35,5921.797215582683
DE,2040,42,159,35,-142.17760487313996
DE,2040,42,160,35,676.1829318620239
DE,2040,42,161,35,-7959.4044103955175
DE,2040,42,162,35,-11598.534635935603
DE,2040,42,163,35,-7069.182159144405
DE,2040,42,164,35,-5716.058945320295
DE,2040,42,165,35,-6559.601727908179
DE,2040,42,166,35,-8092.244430097712
DE,2040,42,167,35,-7291.446813938059
GA,2050,21,0,35,-15059.48895148836
GA,2050,21,1,35,-4424.334731175451
GA,2050,21,2,35,-4381.829063716988
GA,2050,21,3,35,-4388.273030672842
GA,2050,21,4,35,-4571.949013260656
GA,2050,21,5,35,-4355.674883171354
GA,2050,21,6,35,-3822.800339993865
GA,2050,21,7,35,-3784.636986794779
GA,2050,21,8,35,-4905.1984666124
GA,2050,21,9,35,-798.0296514247925
GA,2050,21,10,35,-801.9647497674317
GA,2050,21,11,35,93.00427969788382
GA,2050,21,12,35,2762.8617653341344
GA,2050,21,13,35,3335.1582436415665
GA,2050,21,14,35,1896.6615352408949
GA,2050,21,15,35,493.1930513778226
GA,2050,21,16,35,-7269.354329174013
GA,2050,21,17,35,-12242.67089299101
GA,2050,21,18,35,-13849.095993969062
GA,2050,21,19,35,-13412.622070048134
GA,2050,21,20,35,-14524.504217244188
GA,2050,21,21,35,-14574.896555899024
GA,2050,21,22,35,-13772.69877957135
GA,2050,21,23,35,-14186.919692551883
GA,2050,21,24,35,-13714.77690275865
GA,2050,21,25,35,-13298.060085255065
GA,2050,21,26,35,-12313.807010167136
GA,2050,21,27,35,-11659.678742530616
GA,2050,21,28,35,-10936.422949234953
GA,2050,21,29,35,-9537.965120037601
GA,2050,21,30,35,-7953.916052164819
GA,2050,21,31,35,-6491.697963727869
GA,2050,21,32,35,-6713.288711662059
GA,2050,21,33,35,-934.2940467592862
GA,2050,21,34,35,2476.275694557559
GA,2050,21,35,35,1648.2754103448822
GA,2050,21,36,35,2365.480101139161
GA,2050,21,37,35,715.2263410617525
GA,2050,21,38,35,-973.479773061333
GA,2050,21,39,35,9034.688239425843
GA,2050,21,40,35,787.8036794255506
GA,2050,21,41,35,-1559.9815192305214
GA,2050,21,42,35,-7394.596236678206
GA,2050,21,43,35,-13139.232684260658
GA,2050,21,44,35,-13305.421880794258
GA,2050,21,45,35,-9416.89211291312
GA,2050,21,46,35,-9843.224457364418
GA,2050,21,47,35,-8062.477373012052
GA,2050,21,48,35,-7064.013580111874
GA,2050,21,49,35,-6635.657756195671
GA,2050,21,50,35,-6302.014248577581
GA,2050,21,51,35,-5462.722227593744
GA,2050,21,52,35,-5665.500177199776
GA,2050,21,53,35,-9169.658228567412
GA,2050,21,54,35,-10387.140972537096
GA,2050,21,55,35,3553.0846730420762
GA,2050,21,56,35,4062.897808614595
GA,2050,21,57,35,3376.64844328159
GA,2050,21,58,35,3690.1636964683407
GA,2050,21,59,35,2966.2669732216987
GA,2050,21,60,35,8811.898997114411
GA,2050,21,61,35,11502.189832930919
GA,2050,21,62,35,10305.059040683303
GA,2050,21,63,35,1714.3007404142081
GA,2050,21,64,35,-5412.292533129888
GA,2050,21,65,35,-4529.709882779255
GA,2050,21,66,35,-4227.656437761427
GA,2050,21,67,35,-3579.489076850866
GA,2050,21,68,35,-3201.0040914145357
GA,2050,21,69,35,-2745.73795449145
GA,2050,21,70,35,-1619.8002846977595
GA,2050,21,71,35,-1384.8573036257662
GA,2050,21,72,35,-1264.5823211265558
GA,2050,21,73,35,-1130.2559903871738
GA,2050,21,74,35,-830.4505527724474
GA,2050,21,75,35,-451.03921215212637
GA,2050,21,76,35,-2543.7745865048873
GA,2050,21,77,35,-1800.6876860384946
GA,2050,21,78,35,-9967.458901913385
GA,2050,21,79,35,3537.268288903987
GA,2050,21,80,35,3306.040799760508
GA,2050,21,81,35,4237.221014092836
GA,2050,21,82,35,3667.991525419935
GA,2050,21,83,35,2858.717045926329
GA,2050,21,84,35,4295.0453843853675
GA,2050,21,85,35,15059.48895148836
GA,2050,21,86,35,11230.32913656663
GA,2050,21,87,35,3870.574600064974
GA,2050,21,88,35,-3005.0139135394843
GA,2050,21,89,35,-3496.034692458247
GA,2050,21,90,35,-3173.442350092169
GA,2050,21,91,35,-2692.4819430626376
GA,2050,21,92,35,-2722.3550779241036
GA,2050,21,93,35,-2243.203514040998
GA,2050,21,94,35,-973.0903341643319
GA,2050,21,95,35,-698.0317464923061
GA,2050,21,96,35,-2126.8079568713165
GA,2050,21,97,35,-3464.091306013099
GA,2050,21,98,35,-4638.896854598808
GA,2050,21,99,35,-5190.5576189670755
GA,2050,21,100,35,-8291.32311902113
GA,2050,21,101,35,-11272.590010817621
GA,2050,21,102,35,-14435.456818692743
GA,2050,21,103,35,1848.5546177833403
GA,2050,21,104,35,2229.092661693172
GA,2050,21,105,35,4251.665888603391
GA,2050,21,106,35,3735.20951139303
GA,2050,21,107,35,2941.2840539455356
GA,2050,21,108,35,3045.0998191879107
GA,2050,21,109,35,11179.138803073414
GA,2050,21,110,35,15059.48895148836
GA,2050,21,111,35,5538.536640647129
GA,2050,21,112,35,-2828.3860088597107
GA,2050,21,113,35,-2885.871516484851
GA,2050,21,114,35,-2921.5518265807586
GA,2050,21,115,35,-11758.925221673828
GA,2050,21,116,35,-9776.45685449407
GA,2050,21,117,35,-9900.173477292607
GA,2050,21,118,35,-9105.469249700931
GA,2050,21,119,35,-8340.857796887532
GA,2050,21,120,35,-7517.198993650749
GA,2050,21,121,35,-7575.972474633212
GA,2050,21,122,35,-8282.871339149498
GA,2050,21,123,35,-8873.585474367053
GA,2050,21,124,35,-8626.531611100541
GA,2050,21,125,35,-8870.132158439083
GA,2050,21,126,35,-7451.232844103514
GA,2050,21,127,35,1562.7657314691228
GA,2050,21,128,35,1375.0998128578826
GA,2050,21,129,35,2962.8399698939456
GA,2050,21,130,35,2498.555696840473
GA,2050,21,131,35,2091.7118999415698
GA,2050,21,132,35,1760.486205147555
GA,2050,21,133,35,1873.8230867665598
GA,2050,21,134,35,15059.48895148836
GA,2050,21,135,35,10420.983689364955
GA,2050,21,136,35,60.20013987396669
GA,2050,21,137,35,-3800.4129283982656
GA,2050,21,138,35,-5918.109763862407
GA,2050,21,139,35,-13141.542409102098
GA,2050,21,140,35,-12615.563989477569
GA,2050,21,141,35,-10519.900040991048
GA,2050,21,142,35,-13690.802699588976
GA,2050,21,143,35,-11220.27259337961
GA,2050,21,144,35,-13083.568915831573
GA,2050,21,145,35,-13504.296839430874
GA,2050,21,146,35,-10957.521594304624
GA,2050,21,147,35,-14247.881625764172
GA,2050,21,148,35,-10760.600772632977
GA,2050,21,149,35,-10930.548940882803
GA,2050,21,150,35,-10793.662758687093
GA,2050,21,151,35,-3611.3592748867427
GA,2050,21,152,35,1754.0294300608148
GA,2050,21,153,35,2835.8959522866508
GA,2050,21,154,35,2473.1568599742523
GA,2050,21,155,35,2194.471152891461
GA,2050,21,156,35,3607.655732220344
GA,2050,21,157,35,15059.48895148836
GA,2050,21,158,35,6944.442760067708
GA,2050,21,159,35,3119.4234712944817
GA,2050,21,160,35,-6844.262024209755
GA,2050,21,161,35,-11745.068274978692
GA,2050,21,162,35,-10840.809801300938
GA,2050,21,163,35,-15059.48895148836
GA,2050,21,164,35,-15059.48895148836
GA,2050,21,165,35,-15059.48895148836
GA,2050,21,166,35,-15059.48895148836
GA,2050,21,167,35,-15059.48895148836
GA,2050,42,0,35,-15059.48895148836
GA,2050,42,1,35,-4528.589794757116
GA,2050,42,2,35,-4346.515682180893
GA,2050,42,3,35,-4172.002713983822
GA,2050,42,4,35,-3819.972195634265
GA,2050,42,5,35,-3066.9158594425203
GA,2050,42,6,35,-2476.1074027200593
GA,2050,42,7,35,-1796.1898161669756
GA,2050,42,8,35,-2261.9766208226956
GA,2050,42,9,35,2265.9821402062357
GA,2050,42,10,35,6548.052832560081
GA,2050,42,11,35,-4253.152752274255
GA,2050,42,12,35,13565.371129805319
GA,2050,42,13,35,10561.355905357761
GA,2050,42,14,35,2805.1803993035123
GA,2050,42,15,35,-3567.4896683314782
GA,2050,42,16,35,-6380.705318779271
GA,2050,42,17,35,-14016.013248655565
GA,2050,42,18,35,-1760.276931514082
GA,2050,42,19,35,-2160.7387230279965
GA,2050,42,20,35,-2738.9073071832386
GA,2050,42,21,35,-3403.1459917781935
GA,2050,42,22,35,-4080.917401984076
GA,2050,42,23,35,-4672.664943126264
GA,2050,42,24,35,-5106.222299433275
GA,2050,42,25,35,-5395.061134925178
GA,2050,42,26,35,-5732.5135455302025
GA,2050,42,27,35,-5560.149403131176
GA,2050,42,28,35,-5967.187159528755
GA,2050,42,29,35,-5541.660053760027
GA,2050,42,30,35,-4840.7244819774005
GA,2050,42,31,35,-3732.2134963934136
GA,2050,42,32,35,3131.848483947155
GA,2050,42,33,35,4091.918290319243
GA,2050,42,34,35,3871.78205425062
GA,2050,42,35,35,2742.359787933942
GA,2050,42,36,35,2601.0795267054464
GA,2050,42,37,35,3049.0346668062575
GA,2050,42,38,35,14880.634465239478
GA,2050,42,39,35,13605.700551148335
GA,2050,42,40,35,2791.232165950456
GA,2050,42,41,35,-10764.540273291825
GA,2050,42,42,35,-9404.290243213449
GA,2050,42,43,35,-7668.784954800649
GA,2050,42,44,35,-4087.5107240762054
GA,2050,42,45,35,-3358.1829872391554
GA,2050,42,46,35,-1796.5729175373235
GA,2050,42,47,35,787.5521848283424
GA,2050,42,48,35,1518.3380989339385
GA,2050,42,49,35,1312.1975988257727
GA,2050,42,50,35,624.1642357287856
GA,2050,42,51,35,-127.9566828323259
GA,2050,42,52,35,-3247.657511100131
GA,2050,42,53,35,-4548.421064779086
GA,2050,42,54,35,-4182.972614481432
GA,2050,42,55,35,-3313.184459941657
GA,2050,42,56,35,4185.03253711469
GA,2050,42,57,35,3581.591910755305
GA,2050,42,58,35,7966.563737692537
GA,2050,42,59,35,8231.010819387448
GA,2050,42,60,35,14055.08469095602
GA,2050,42,61,35,6541.898481777429
GA,2050,42,62,35,4085.6514960757986
GA,2050,42,63,35,1713.8023317727057
GA,2050,42,64,35,-8640.957261888274
GA,2050,42,65,35,-15059.48895148836
GA,2050,42,66,35,-2190.907515670351
GA,2050,42,67,35,-2645.629288323624
GA,2050,42,68,35,-3839.199160954914
GA,2050,42,69,35,-4840.02674758765
GA,2050,42,70,35,-5425.032235944988
GA,2050,42,71,35,-6292.239534937805
GA,2050,42,72,35,-6205.037501696142
GA,2050,42,73,35,-5989.459142366835
GA,2050,42,74,35,-5603.863175848965
GA,2050,42,75,35,-5147.16943865072
GA,2050,42,76,35,-4445.405830435422
GA,2050,42,77,35,-3528.8253898460816
GA,2050,42,78,35,-2567.394837109533
GA,2050,42,79,35,-1574.329898742409
GA,2050,42,80,35,-2274.813909572865
GA,2050,42,81,35,695.2602725384028
GA,2050,42,82,35,6316.163787837235
GA,2050,42,83,35,13247.288317819452
GA,2050,42,84,35,11823.955214369378
GA,2050,42,85,35,9495.793858665922
GA,2050,42,86,35,1807.8839424449468
GA,2050,42,87,35,-5113.808768463512
GA,2050,42,88,35,-14904.930306549988
GA,2050,42,89,35,-2466.91259630191
GA,2050,42,90,35,174.05828164457247
GA,2050,42,91,35,-1603.0723927439267
GA,2050,42,92,35,-924.6478456753629
GA,2050,42,93,35,-1574.7752638829186
GA,2050,42,94,35,-2122.3140270317103
GA,2050,42,95,35,-2624.4600550677724
GA,2050,42,96,35,-3024.1626207956842
GA,2050,42,97,35,-3548.581036142202
GA,2050,42,98,35,-4447.748300047457
GA,2050,42,99,35,-4994.048627466321
GA,2050,42,100,35,-5202.371936119566
GA,2050,42,101,35,-5195.1798079037635
GA,2050,42,102,35,-5222.768822569398
GA,2050,42,103,35,-4761.440506437607
GA,2050,42,104,35,2074.313671846315
GA,2050,42,105,35,1770.1436815356428
GA,2050,42,106,35,8762.002633226493
GA,2050,42,107,35,12129.284411959328
GA,2050,42,108,35,12263.303003002095
GA,2050,42,109,35,6287.91872939327
GA,2050,42,110,35,1413.2961898760332
GA,2050,42,111,35,-5076.502330244878
GA,2050,42,112,35,-4692.417119544397
GA,2050,42,113,35,-10379.022503440407
GA,2050,42,114,35,-14258.289152548801
GA,2050,42,115,35,-12474.569281569835
GA,2050,42,116,35,-14908.515108518757
GA,2050,42,117,35,-13797.075531496981
GA,2050,42,118,35,-12356.868228311783
GA,2050,42,119,35,-12002.529724995467
GA,2050,42,120,35,-9092.344721073292
GA,2050,42,121,35,-6166.631722811657
GA,2050,42,122,35,-3821.8316131811694
GA,2050,42,123,35,3024.787257841785
GA,2050,42,124,35,3115.234598147308
GA,2050,42,125,35,-210.97513620645987
GA,2050,42,126,35,-1888.7440511158802
GA,2050,42,127,35,-1707.5386597626984
GA,2050,42,128,35,1199.362041997185
GA,2050,42,129,35,726.707587845045
GA,2050,42,130,35,1040.0488126777104
GA,2050,42,131,35,3657.743041630547
GA,2050,42,132,35,4705.2722108900925
GA,2050,42,133,35,1058.5980889288585
GA,2050,42,134,35,-609.8980562344894
GA,2050,42,135,35,7020.2701541990255
GA,2050,42,136,35,2301.570852386053
GA,2050,42,137,35,-6543.126118748978
GA,2050,42,138,35,-11030.379942388496
GA,2050,42,139,35,-7595.305450950657
GA,2050,42,140,35,-9795.241344234182
GA,2050,42,141,35,-7706.337368763152
GA,2050,42,142,35,-4063.871478086079
GA,2050,42,143,35,-3964.7601516160776
GA,2050,42,144,35,-3801.2360752668574
GA,2050,42,145,35,-3607.4802356847067
GA,2050,42,146,35,-3922.531860286872
GA,2050,42,147,35,-4753.993359139684
GA,2050,42,148,35,-6461.272393828298
GA,2050,42,149,35,-6885.107819254745
GA,2050,42,150,35,-5904.998691984529
GA,2050,42,151,35,-5448.430334838634
GA,2050,42,152,35,2359.0555728328786
GA,2050,42,153,35,2371.9801786216967
GA,2050,42,154,35,3906.136039488974
GA,2050,42,155,35,8733.287086370805
GA,2050,42,156,35,11813.80801463324
GA,2050,42,157,35,7610.77327350196
GA,2050,42,158,35,7132.828495271537
GA,2050,42,159,35,-401.94769287717156
GA,2050,42,160,35,413.1199132672777
GA,2050,42,161,35,-7543.462130485709
GA,2050,42,162,35,-13935.797311600702
GA,2050,42,163,35,-11938.64852111496
GA,2050,42,164,35,-9184.136050752208
GA,2050,42,165,35,-6843.220121537471
GA,2050,42,166,35,-7853.627220522174
GA,2050,42,167,35,-6158.795803083758
DE,2050,21,0,35,-15059.48895148836
DE,2050,21,1,35,-3765.496745977271
DE,2050,21,2,35,-3728.8488625314367
DE,2050,21,3,35,-3741.964194612786
DE,2050,21,4,35,-3931.1725287680824
DE,2050,21,5,35,-3663.480072345703
DE,2050,21,6,35,-3013.7752813607826
DE,2050,21,7,35,-2865.1276130346114
DE,2050,21,8,35,-3938.8268207511996
DE,2050,21,9,35,-4858.0791976877
DE,2050,21,10,35,-3961.476494534335
DE,2050,21,11,35,-4546.545984544275
DE,2050,21,12,35,-1913.8523796440247
DE,2050,21,13,35,-1257.8926351424818
DE,2050,21,14,35,-320.37751180602527
DE,2050,21,15,35,-3841.0472161520966
DE,2050,21,16,35,-9151.734156060797
DE,2050,21,17,35,-11306.564464528396
DE,2050,21,18,35,-12279.52414339821
DE,2050,21,19,35,-12427.375342368467
DE,2050,21,20,35,-13515.01277240114
DE,2050,21,21,35,-13637.000248988104
DE,2050,21,22,35,-12952.283585358155
DE,2050,21,23,35,-13412.715905549428
DE,2050,21,24,35,-12983.3674822929
DE,2050,21,25,35,-12588.129206168956
DE,2050,21,26,35,-11613.313671990263
DE,2050,21,27,35,-10969.761958820987
DE,2050,21,28,35,-10255.130125321699
DE,2050,21,29,35,-8822.990038051727
DE,2050,21,30,35,-7126.178627935838
DE,2050,21,31,35,-5547.618440359176
DE,2050,21,32,35,-5739.106687117356
DE,2050,21,33,35,-5950.532433581452
DE,2050,21,34,35,-1615.3903286050736
DE,2050,21,35,35,3045.215626737566
DE,2050,21,36,35,2130.139976176197
DE,2050,21,37,35,5099.934638732347
DE,2050,21,38,35,7103.309345428073
DE,2050,21,39,35,4424.311572306822
DE,2050,21,40,35,323.8351380997603
DE,2050,21,41,35,-6099.046072499119
DE,2050,21,42,35,-10708.753108000388
DE,2050,21,43,35,-15059.48895148836
DE,2050,21,44,35,-13259.443978640704
DE,2050,21,45,35,-7876.292884779672
DE,2050,21,46,35,-7781.360436376241
DE,2050,21,47,35,-7355.97719348116
DE,2050,21,48,35,-6866.6305888238485
DE,2050,21,49,35,-6302.295727912227
DE,2050,21,50,35,-5759.581030497009
DE,2050,21,51,35,-5075.08318473462
DE,2050,21,52,35,-4985.346366844529
DE,2050,21,53,35,-6076.355868057366
DE,2050,21,54,35,-9898.642666052227
DE,2050,21,55,35,-1242.5686675329616
DE,2050,21,56,35,5030.408468033805
DE,2050,21,57,35,4365.14949541272
DE,2050,21,58,35,4691.51933018274
DE,2050,21,59,35,10067.319928128118
DE,2050,21,60,35,15059.48895148836
DE,2050,21,61,35,6782.239261206909
DE,2050,21,62,35,5611.487371919749
DE,2050,21,63,35,-1374.7316127676145
DE,2050,21,64,35,-2887.4687242072364
DE,2050,21,65,35,-3588.8846838620216
DE,2050,21,66,35,-3279.509008828406
DE,2050,21,67,35,-2617.8362014442855
DE,2050,21,68,35,-2616.2117965379803
DE,2050,21,69,35,-1821.3470940540917
DE,2050,21,70,35,-782.1371708918242
DE,2050,21,71,35,-165.89872207662674
DE,2050,21,72,35,-539.1935303761196
DE,2050,21,73,35,-421.9522735267935
DE,2050,21,74,35,-131.42166059873028
DE,2050,21,75,35,-154.69353159387538
DE,2050,21,76,35,-6230.889650007803
DE,2050,21,77,35,-10201.530358352527
DE,2050,21,78,35,-14512.746796638847
DE,2050,21,79,35,155.9594840934369
DE,2050,21,80,35,4283.422895629136
DE,2050,21,81,35,3511.2357375030806
DE,2050,21,82,35,4679.7609973790095
DE,2050,21,83,35,4214.891660761048
DE,2050,21,84,35,11784.52064310859
DE,2050,21,85,35,12645.779977755825
DE,2050,21,86,35,8771.55310309134
DE,2050,21,87,35,-552.3202878258649
DE,2050,21,88,35,-2048.079808587522
DE,2050,21,89,35,-2540.7277497320138
DE,2050,21,90,35,-2211.139371867939
DE,2050,21,91,35,-5578.016738166305
DE,2050,21,92,35,-5384.751675150561
DE,2050,21,93,35,-4405.095355213289
DE,2050,21,94,35,-8059.966832275833
DE,2050,21,95,35,-6018.802336525627
DE,2050,21,96,35,-5599.145680293792
DE,2050,21,97,35,-6869.155022477244
DE,2050,21,98,35,-8042.555777414171
DE,2050,21,99,35,-8184.741183012941
DE,2050,21,100,35,-10606.354064915635
DE,2050,21,101,35,-15059.48895148836
DE,2050,21,102,35,-15059.48895148836
DE,2050,21,103,35,-2902.3014142138654
DE,2050,21,104,35,3206.203578244191
DE,2050,21,105,35,2519.536377029035
DE,2050,21,106,35,4747.6298482423945
DE,2050,21,107,35,3905.540388913284
DE,2050,21,108,35,10323.864306809613
DE,2050,21,109,35,12147.930040670413
DE,2050,21,110,35,11338.512272098058
DE,2050,21,111,35,1924.519960929334
DE,2050,21,112,35,-1881.2148772621292
DE,2050,21,113,35,-1940.9784120032923
DE,2050,21,114,35,-7291.416789262728
DE,2050,21,115,35,-15059.48895148836
DE,2050,21,116,35,-14214.304746577709
DE,2050,21,117,35,-14035.729891123345
DE,2050,21,118,35,-13768.20702317612
DE,2050,21,119,35,-10939.334336042752
DE,2050,21,120,35,-8714.542636876065
DE,2050,21,121,35,-8738.062149603376
DE,2050,21,122,35,-8594.934183751613
DE,2050,21,123,35,-8209.688943526877
DE,2050,21,124,35,-8061.857569588035
DE,2050,21,125,35,-7487.060210941185
DE,2050,21,126,35,-6764.082236177626
DE,2050,21,127,35,-363.8657297813188
DE,2050,21,128,35,2179.2433848137753
DE,2050,21,129,35,3790.4146779003527
DE,2050,21,130,35,3347.6089462265195
DE,2050,21,131,35,2940.6024331050444
DE,2050,21,132,35,2585.78288603794
DE,2050,21,133,35,6329.97449267101
DE,2050,21,134,35,15059.48895148836
DE,2050,21,135,35,8384.85458686595
DE,2050,21,136,35,-3307.2151787394505
DE,2050,21,137,35,-3002.1273106282783
DE,2050,21,138,35,-9796.745028149255
DE,2050,21,139,35,-12501.961146246584
DE,2050,21,140,35,-9287.332349322065
DE,2050,21,141,35,-9679.95890006909
DE,2050,21,142,35,-12571.406361582844
DE,2050,21,143,35,-11251.623001432028
DE,2050,21,144,35,-9794.287865095615
DE,2050,21,145,35,-11808.935105424156
DE,2050,21,146,35,-12247.486821755498
DE,2050,21,147,35,-12501.442911804099
DE,2050,21,148,35,-12941.28615016567
DE,2050,21,149,35,-12242.17163298025
DE,2050,21,150,35,-10176.48012646761
DE,2050,21,151,35,-7015.798638618095
DE,2050,21,152,35,-1914.0428750919382
DE,2050,21,153,35,3591.550089915781
DE,2050,21,154,35,3261.191525895415
DE,2050,21,155,35,2991.6179272767117
DE,2050,21,156,35,12706.586457938056
DE,2050,21,157,35,12507.220887359326
DE,2050,21,158,35,3334.5913472477987
DE,2050,21,159,35,167.4485988851702
DE,2050,21,160,35,-10386.19487929538
DE,2050,21,161,35,-10995.2720508423
DE,2050,21,162,35,-13892.901027608284
DE,2050,21,163,35,-15059.48895148836
DE,2050,21,164,35,-15059.48895148836
DE,2050,21,165,35,-15059.48895148836
DE,2050,21,166,35,-15059.48895148836
DE,2050,21,167,35,-15059.48895148836
DE,2050,42,0,35,-15059.48895148836
DE,2050,42,1,35,-3875.7723097941366
DE,2050,42,2,35,-3691.257453879319
DE,2050,42,3,35,-3515.9309045693835
DE,2050,42,4,35,-1479.8085971132436
DE,2050,42,5,35,-2316.41438780819
DE,2050,42,6,35,-2083.896044786041
DE,2050,42,7,35,-1970.2712691765025
DE,2050,42,8,35,-1279.4960689267689
DE,2050,42,9,35,-1817.8103976620653
DE,2050,42,10,35,5470.975709896665
DE,2050,42,11,35,-1913.4690711809012
DE,2050,42,12,35,5359.3753456268805
DE,2050,42,13,35,6018.409333380272
DE,2050,42,14,35,-1697.1832450424968
DE,2050,42,15,35,-3419.324906895408
DE,2050,42,16,35,-2436.429512470694
DE,2050,42,17,35,-1426.912590962121
DE,2050,42,18,35,-647.7861177823064
DE,2050,42,19,35,-1101.6188303001752
DE,2050,42,20,35,-1748.94180904895
DE,2050,42,21,35,-2483.9620504631735
DE,2050,42,22,35,-3256.2715859839827
DE,2050,42,23,35,-3894.5559667820567
DE,2050,42,24,35,-4367.816081396886
DE,2050,42,25,35,-4671.462093142934
DE,2050,42,26,35,-5024.372544892396
DE,2050,42,27,35,-5242.276553605586
DE,2050,42,28,35,-5234.3132930598495
DE,2050,42,29,35,-4749.394766051964
DE,2050,42,30,35,-3984.5117187981405
DE,2050,42,31,35,-2761.9366611904643
DE,2050,42,32,35,-1684.0963204436175
DE,2050,42,33,35,5125.97988477082
DE,2050,42,34,35,4925.206879188387
DE,2050,42,35,35,3741.4373945323177
DE,2050,42,36,35,3616.591471783699
DE,2050,42,37,35,10921.161745297642
DE,2050,42,38,35,14777.720354913909
DE,2050,42,39,35,8987.51947486941
DE,2050,42,40,35,-1792.4534218417048
DE,2050,42,41,35,-10805.035224629939
DE,2050,42,42,35,-9804.412368639738
DE,2050,42,43,35,-4302.593202657954
DE,2050,42,44,35,-3084.20249569093
DE,2050,42,45,35,-4184.234373784707
DE,2050,42,46,35,-4611.400967186526
DE,2050,42,47,35,-2751.9034573692697
DE,2050,42,48,35,-1899.68093673564
DE,2050,42,49,35,-2049.0053381597354
DE,2050,42,50,35,-2721.7420593033203
DE,2050,42,51,35,-3534.2691047620556
DE,2050,42,52,35,-4502.0630006142555
DE,2050,42,53,35,-3753.877749955004
DE,2050,42,54,35,-3012.358094515024
DE,2050,42,55,35,-2343.233057183854
DE,2050,42,56,35,1624.2620146298614
DE,2050,42,57,35,4606.866829187938
DE,2050,42,58,35,4817.105428195877
DE,2050,42,59,35,4985.038464980491
DE,2050,42,60,35,15059.48895148836
DE,2050,42,61,35,14318.40561776421
DE,2050,42,62,35,5135.333847894385
DE,2050,42,63,35,-2637.5240135010263
DE,2050,42,64,35,-2133.2738175568493
DE,2050,42,65,35,-1021.4144326506408
DE,2050,42,66,35,-1375.0978657089508
DE,2050,42,67,35,-3651.273819568918
DE,2050,42,68,35,-2848.2573654851885
DE,2050,42,69,35,-3914.008724924561
DE,2050,42,70,35,-4585.741959913322
DE,2050,42,71,35,-5518.035747935351
DE,2050,42,72,35,-5460.61078342455
DE,2050,42,73,35,-5265.2092356943
DE,2050,42,74,35,-4900.766378110921
DE,2050,42,75,35,-4437.726708232328
DE,2050,42,76,35,-3714.1591261922445
DE,2050,42,77,35,-4636.599663062561
DE,2050,42,78,35,-7667.144113261494
DE,2050,42,79,35,-3633.1094898656547
DE,2050,42,80,35,-1279.3160598710942
DE,2050,42,81,35,-1744.8459928570248
DE,2050,42,82,35,3514.619331417738
DE,2050,42,83,35,9015.243784219578
DE,2050,42,84,35,11536.246354371817
DE,2050,42,85,35,2106.6946869668136
DE,2050,42,86,35,-1815.239284777642
DE,2050,42,87,35,-1256.0710146467125
DE,2050,42,88,35,-679.7018299463119
DE,2050,42,89,35,-1080.7709110497917
DE,2050,42,90,35,-8544.507704325382
DE,2050,42,91,35,-6547.321683723445
DE,2050,42,92,35,-502.7295652070238
DE,2050,42,93,35,-663.45595437894
DE,2050,42,94,35,-1289.2612205853566
DE,2050,42,95,35,-1847.0561967413933
DE,2050,42,96,35,-2288.4141154480003
DE,2050,42,97,35,-2829.2668692743937
DE,2050,42,98,35,-3739.6615525371876
DE,2050,42,99,35,-4287.426325959209
DE,2050,42,100,35,-4479.478012355151
DE,2050,42,101,35,-4411.592733119609
DE,2050,42,102,35,-4355.708325605282
DE,2050,42,103,35,-3769.9020992051264
DE,2050,42,104,35,2972.198655640743
DE,2050,42,105,35,1176.618859700897
DE,2050,42,106,35,3830.552573269204
DE,2050,42,107,35,3794.79998772205
DE,2050,42,108,35,9588.079246155386
DE,2050,42,109,35,2910.628304925095
DE,2050,42,110,35,-3201.450946372541
DE,2050,42,111,35,-4048.949384696221
DE,2050,42,112,35,-3697.0819860651995
DE,2050,42,113,35,-15059.48895148836
DE,2050,42,114,35,-15059.48895148836
DE,2050,42,115,35,-15059.48895148836
DE,2050,42,116,35,-15059.48895148836
DE,2050,42,117,35,-15059.48895148836
DE,2050,42,118,35,-13526.161280010634
DE,2050,42,119,35,-11269.813005686912
DE,2050,42,120,35,-8378.183220200284
DE,2050,42,121,35,-3845.206457398872
DE,2050,42,122,35,-947.1828836435998
DE,2050,42,123,35,-1238.1123338678508
DE,2050,42,124,35,-187.3054884701669
DE,2050,42,125,35,-2123.052694171809
DE,2050,42,126,35,-5543.392772513607
DE,2050,42,127,35,-5621.762029818679
DE,2050,42,128,35,2011.8041413043018
DE,2050,42,129,35,1561.6045258672382
DE,2050,42,130,35,1903.5838058727568
DE,2050,42,131,35,630.3258532727311
DE,2050,42,132,35,474.6256487508981
DE,2050,42,133,35,-448.17490071856594
DE,2050,42,134,35,6356.699109551805
DE,2050,42,135,35,13192.04513899368
DE,2050,42,136,35,2917.1644944263153
DE,2050,42,137,35,-5891.994330336811
DE,2050,42,138,35,-10701.882428646568
DE,2050,42,139,35,-7240.741210614677
DE,2050,42,140,35,-9132.559030265369
DE,2050,42,141,35,-6730.698247482362
DE,2050,42,142,35,-4913.383470067572
DE,2050,42,143,35,-5030.659005300458
DE,2050,42,144,35,-5352.226094086347
DE,2050,42,145,35,-5457.8516729319745
DE,2050,42,146,35,-5387.241230153737
DE,2050,42,147,35,-5357.279522975154
DE,2050,42,148,35,-4985.540048297543
DE,2050,42,149,35,-5793.304681372749
DE,2050,42,150,35,-5087.558938173051
DE,2050,42,151,35,-4788.778768527587
DE,2050,42,152,35,3082.0037497248313
DE,2050,42,153,35,3138.373586940646
DE,2050,42,154,35,5626.501582801193
DE,2050,42,155,35,3696.585119732299
DE,2050,42,156,35,8002.3338515430005
DE,2050,42,157,35,8479.833939184704
DE,2050,42,158,35,3669.7201727008905
DE,2050,42,159,35,341.66531480144334
DE,2050,42,160,35,-350.7186313405509
DE,2050,42,161,35,-10918.801680263918
DE,2050,42,162,35,-10496.943379283955
DE,2050,42,163,35,-12526.211888772534
DE,2050,42,164,35,-5153.842924468512
DE,2050,42,165,35,-6032.405184456085
DE,2050,42,166,35,-7603.8761289588665
DE,2050,42,167,35,-8324.11469359395
