year,battery,node,MC,capital_cost,hour_capacity,cdrate,P_discharge_max,P_discharge_min,P_charge_max,P_charge_min,SOC_max,SOC_min,delta,eta_charge,eta_discharge,new_capacity,cum_new_capacity,total_capacity
2025,ES1 0 bat,ES1 0,0,21958.9249402013,2,1.0,100000000,0,100000000.0,0,0.9,0.1,4.168664498693797e-05,0.98,0.97,0.0,0.0,0.0
2030,ES1 0 bat,ES1 0,0,21948.9249402013,2,1.0,100000000,0,100000000.0,0,0.9,0.1,4.168664498693797e-05,0.98,0.97,0.0,0.0,0.0
2040,ES1 0 bat,ES1 0,0,21938.9249402013,2,1.0,100000000,0,100000000.0,0,0.9,0.1,4.168664498693797e-05,0.98,0.97,0.0,0.0,0.0
2050,ES1 0 bat,ES1 0,0,21928.9249402013,2,1.0,100000000,0,100000000.0,0,0.9,0.1,4.168664498693797e-05,0.98,0.97,0.0,0.0,0.0
2025,ES1 1 bat,ES1 1,0,21958.9249402013,2,1.0,100000000,0,100000000.0,0,0.9,0.1,4.168664498693797e-05,0.98,0.97,0.0,0.0,0.0
2030,ES1 1 bat,ES1 1,0,21948.9249402013,2,1.0,100000000,0,100000000.0,0,0.9,0.1,4.168664498693797e-05,0.98,0.97,0.0,0.0,0.0
2040,ES1 1 bat,ES1 1,0,21938.9249402013,2,1.0,100000000,0,100000000.0,0,0.9,0.1,4.168664498693797e-05,0.98,0.97,0.0,0.0,0.0
2050,ES1 1 bat,ES1 1,0,21928.9249402013,2,1.0,100000000,0,100000000.0,0,0.9,0.1,4.168664498693797e-05,0.98,0.97,0.0,0.0,0.0
2025,ES1 2 bat,ES1 2,0,21958.9249402013,2,1.0,100000000,0,100000000.0,0,0.9,0.1,4.168664498693797e-05,0.98,0.97,0.0,0.0,0.0
2030,ES1 2 bat,ES1 2,0,21948.9249402013,2,1.0,100000000,0,100000000.0,0,0.9,0.1,4.168664498693797e-05,0.98,0.97,0.0,0.0,0.0
2040,ES1 2 bat,ES1 2,0,21938.9249402013,2,1.0,100000000,0,100000000.0,0,0.9,0.1,4.168664498693797e-05,0.98,0.97,0.0,0.0,0.0
2050,ES1 2 bat,ES1 2,0,21928.9249402013,2,1.0,100000000,0,100000000.0,0,0.9,0.1,4.168664498693797e-05,0.98,0.97,0.0,0.0,0.0
2025,ES1 3 bat,ES1 3,0,21958.9249402013,2,1.0,100000000,0,100000000.0,0,0.9,0.1,4.168664498693797e-05,0.98,0.97,0.0,0.0,0.0
2030,ES1 3 bat,ES1 3,0,21948.9249402013,2,1.0,100000000,0,100000000.0,0,0.9,0.1,4.168664498693797e-05,0.98,0.97,0.0,0.0,0.0
2040,ES1 3 bat,ES1 3,0,21938.9249402013,2,1.0,100000000,0,100000000.0,0,0.9,0.1,4.168664498693797e-05,0.98,0.97,0.0,0.0,0.0
2050,ES1 3 bat,ES1 3,0,21928.9249402013,2,1.0,100000000,0,100000000.0,0,0.9,0.1,4.168664498693797e-05,0.98,0.97,0.0,0.0,0.0
2025,ES1 4 bat,ES1 4,0,21958.9249402013,2,1.0,100000000,0,100000000.0,0,0.9,0.1,4.168664498693797e-05,0.98,0.97,0.0,0.0,0.0
2030,ES1 4 bat,ES1 4,0,21948.9249402013,2,1.0,100000000,0,100000000.0,0,0.9,0.1,4.168664498693797e-05,0.98,0.97,0.0,0.0,0.0
2040,ES1 4 bat,ES1 4,0,21938.9249402013,2,1.0,100000000,0,100000000.0,0,0.9,0.1,4.168664498693797e-05,0.98,0.97,0.0,0.0,0.0
2050,ES1 4 bat,ES1 4,0,21928.9249402013,2,1.0,100000000,0,100000000.0,0,0.9,0.1,4.168664498693797e-05,0.98,0.97,0.0,0.0,0.0
2025,ES1 5 bat,ES1 5,0,21958.9249402013,2,1.0,100000000,0,100000000.0,0,0.9,0.1,4.168664498693797e-05,0.98,0.97,0.0,0.0,0.0
2030,ES1 5 bat,ES1 5,0,21948.9249402013,2,1.0,100000000,0,100000000.0,0,0.9,0.1,4.168664498693797e-05,0.98,0.97,0.0,0.0,0.0
2040,ES1 5 bat,ES1 5,0,21938.9249402013,2,1.0,100000000,0,100000000.0,0,0.9,0.1,4.168664498693797e-05,0.98,0.97,0.0,0.0,0.0
2050,ES1 5 bat,ES1 5,0,21928.9249402013,2,1.0,100000000,0,100000000.0,0,0.9,0.1,4.168664498693797e-05,0.98,0.97,0.0,0.0,0.0
2025,ES1 6 bat,ES1 6,0,21958.9249402013,2,1.0,100000000,0,100000000.0,0,0.9,0.1,4.168664498693797e-05,0.98,0.97,430.37116739400506,430.37116739400506,430.37116739400506
2030,ES1 6 bat,ES1 6,0,21948.9249402013,2,1.0,100000000,0,100000000.0,0,0.9,0.1,4.168664498693797e-05,0.98,0.97,0.0,430.37116739400506,430.37116739400506
2040,ES1 6 bat,ES1 6,0,21938.9249402013,2,1.0,100000000,0,100000000.0,0,0.9,0.1,4.168664498693797e-05,0.98,0.97,0.0,430.37116739400506,430.37116739400506
2050,ES1 6 bat,ES1 6,0,21928.9249402013,2,1.0,100000000,0,100000000.0,0,0.9,0.1,4.168664498693797e-05,0.98,0.97,0.0,430.37116739400506,430.37116739400506
2025,ES1 7 bat,ES1 7,0,21958.9249402013,2,1.0,100000000,0,100000000.0,0,0.9,0.1,4.168664498693797e-05,0.98,0.97,10709.808106356144,10709.808106356144,10709.808106356144
2030,ES1 7 bat,ES1 7,0,21948.9249402013,2,1.0,100000000,0,100000000.0,0,0.9,0.1,4.168664498693797e-05,0.98,0.97,0.0,10709.808106356144,10709.808106356144
2040,ES1 7 bat,ES1 7,0,21938.9249402013,2,1.0,100000000,0,100000000.0,0,0.9,0.1,4.168664498693797e-05,0.98,0.97,0.0,10709.808106356144,10709.808106356144
2050,ES1 7 bat,ES1 7,0,21928.9249402013,2,1.0,100000000,0,100000000.0,0,0.9,0.1,4.168664498693797e-05,0.98,0.97,0.0,10709.808106356144,10709.808106356144
2025,ES1 8 bat,ES1 8,0,21958.9249402013,2,1.0,100000000,0,100000000.0,0,0.9,0.1,4.168664498693797e-05,0.98,0.97,0.0,0.0,0.0
2030,ES1 8 bat,ES1 8,0,21948.9249402013,2,1.0,100000000,0,100000000.0,0,0.9,0.1,4.168664498693797e-05,0.98,0.97,0.0,0.0,0.0
2040,ES1 8 bat,ES1 8,0,21938.9249402013,2,1.0,100000000,0,100000000.0,0,0.9,0.1,4.168664498693797e-05,0.98,0.97,0.0,0.0,0.0
2050,ES1 8 bat,ES1 8,0,21928.9249402013,2,1.0,100000000,0,100000000.0,0,0.9,0.1,4.168664498693797e-05,0.98,0.97,0.0,0.0,0.0
2025,PT1 0 bat,PT1 0,0,21958.9249402013,2,1.0,100000000,0,100000000.0,0,0.9,0.1,4.168664498693797e-05,0.98,0.97,0.0,0.0,0.0
2030,PT1 0 bat,PT1 0,0,21948.9249402013,2,1.0,100000000,0,100000000.0,0,0.9,0.1,4.168664498693797e-05,0.98,0.97,0.0,0.0,0.0
2040,PT1 0 bat,PT1 0,0,21938.9249402013,2,1.0,100000000,0,100000000.0,0,0.9,0.1,4.168664498693797e-05,0.98,0.97,0.0,0.0,0.0
2050,PT1 0 bat,PT1 0,0,21928.9249402013,2,1.0,100000000,0,100000000.0,0,0.9,0.1,4.168664498693797e-05,0.98,0.97,0.0,0.0,0.0
2025,PT1 1 bat,PT1 1,0,21958.9249402013,2,1.0,100000000,0,100000000.0,0,0.9,0.1,4.168664498693797e-05,0.98,0.97,25580.444134180427,25580.444134180427,25580.444134180427
2030,PT1 1 bat,PT1 1,0,21948.9249402013,2,1.0,100000000,0,100000000.0,0,0.9,0.1,4.168664498693797e-05,0.98,0.97,0.0,25580.444134180427,25580.444134180427
2040,PT1 1 bat,PT1 1,0,21938.9249402013,2,1.0,100000000,0,100000000.0,0,0.9,0.1,4.168664498693797e-05,0.98,0.97,0.0,25580.444134180427,25580.444134180427
2050,PT1 1 bat,PT1 1,0,21928.9249402013,2,1.0,100000000,0,100000000.0,0,0.9,0.1,4.168664498693797e-05,0.98,0.97,0.0,25580.444134180427,25580.444134180427
