year,generator,bus,carrier,p_nom,marginal_cost,capital_cost,co2_emissions,color,nice_name,extendable,extension_potential,new_capacity,cum_new_capacity,cum_extension_potential,total_capacity
2025,ES1 0 CCGT,ES1 0,CCGT,3425.3,38.85517241379311,99027.72929315244,0.2,#b20101,Combined-Cycle Gas,True,1712.65,0.0,0.0,1712.65,3425.3
2030,ES1 0 CCGT,ES1 0,CCGT,3425.3,38.85517241379311,99017.72929315244,0.2,#b20101,Combined-Cycle Gas,True,1712.65,0.0,0.0,3425.3,3425.3
2040,ES1 0 CCGT,ES1 0,CCGT,3425.3,38.85517241379311,99007.72929315244,0.2,#b20101,Combined-Cycle Gas,True,1712.65,0.0,0.0,5137.950000000001,3425.3
2050,ES1 0 CCGT,ES1 0,CCGT,3425.3,38.85517241379311,98997.72929315244,0.2,#b20101,Combined-Cycle Gas,True,1712.65,0.0,0.0,6850.6,3425.3
2025,ES1 0 coal,ES1 0,coal,1068.524932656719,28.196969696969692,349976.5536298572,0.34,#707070,Coal,True,534.2624663283596,0.0,0.0,534.2624663283596,1068.524932656719
2030,ES1 0 coal,ES1 0,coal,1068.524932656719,28.196969696969692,349966.5536298572,0.34,#707070,Coal,True,534.2624663283596,0.0,0.0,1068.524932656719,1068.524932656719
2040,ES1 0 coal,ES1 0,coal,1068.524932656719,28.196969696969692,349956.5536298572,0.34,#707070,Coal,True,534.2624663283596,0.0,0.0,1602.7873989850787,1068.524932656719
2050,ES1 0 coal,ES1 0,coal,1068.524932656719,28.196969696969692,349946.5536298572,0.34,#707070,Coal,True,534.2624663283596,0.0,0.0,2137.049865313438,1068.524932656719
2025,ES1 0 offwind-ac,ES1 0,offwind-ac,212.58505875491943,0.015,183919.0330536336,0.0,#6895dd,Offshore Wind (AC),True,106.29252937745972,0.0,0.0,106.29252937745972,212.58505875491943
2030,ES1 0 offwind-ac,ES1 0,offwind-ac,212.58505875491943,0.015,183909.0330536336,0.0,#6895dd,Offshore Wind (AC),True,106.29252937745972,0.0,0.0,212.58505875491943,212.58505875491943
2040,ES1 0 offwind-ac,ES1 0,offwind-ac,212.58505875491943,0.015,183899.0330536336,0.0,#6895dd,Offshore Wind (AC),True,106.29252937745972,0.0,0.0,318.8775881323792,212.58505875491943
2050,ES1 0 offwind-ac,ES1 0,offwind-ac,212.58505875491943,0.015,183889.0330536336,0.0,#6895dd,Offshore Wind (AC),True,106.29252937745972,0.0,0.0,425.17011750983886,212.58505875491943
2025,ES1 0 onwind,ES1 0,onwind,1487.7755517327946,0.015,96085.88801996633,0.0,#235ebc,Onshore Wind,True,743.8877758663973,743.8877758663973,743.8877758663973,743.8877758663973,2231.6633275991917
2030,ES1 0 onwind,ES1 0,onwind,1487.7755517327946,0.015,96075.88801996633,0.0,#235ebc,Onshore Wind,True,743.8877758663973,0.0,743.8877758663973,1487.7755517327946,2231.6633275991917
2040,ES1 0 onwind,ES1 0,onwind,1487.7755517327946,0.015,96065.88801996633,0.0,#235ebc,Onshore Wind,True,743.8877758663973,0.0,743.8877758663973,2231.6633275991917,2231.6633275991917
2050,ES1 0 onwind,ES1 0,onwind,1487.7755517327946,0.015,96055.88801996633,0.0,#235ebc,Onshore Wind,True,743.8877758663973,0.0,743.8877758663973,2975.551103465589,2231.6633275991917
2025,ES1 0 solar,ES1 0,solar,1103.2863903115249,0.01,35602.07124380446,0.0,#f9d002,Solar,True,551.6431951557624,551.6431951557624,551.6431951557624,551.6431951557624,1654.9295854672873
2030,ES1 0 solar,ES1 0,solar,1103.2863903115249,0.01,35592.07124380446,0.0,#f9d002,Solar,True,551.6431951557624,551.6431951557624,1103.2863903115249,1103.2863903115249,2206.5727806230498
2040,ES1 0 solar,ES1 0,solar,1103.2863903115249,0.01,35582.07124380446,0.0,#f9d002,Solar,True,551.6431951557624,551.6431951557624,1654.9295854672873,1654.9295854672873,2758.215975778812
2050,ES1 0 solar,ES1 0,solar,1103.2863903115249,0.01,35572.07124380446,0.0,#f9d002,Solar,True,551.6431951557624,551.6431951557624,2206.5727806230498,2206.5727806230498,3309.8591709345746
2025,ES1 1 CCGT,ES1 1,CCGT,3102.318,38.85517241379311,99027.72929315246,0.2,#b20101,Combined-Cycle Gas,True,1551.159,0.0,0.0,1551.159,3102.318
2030,ES1 1 CCGT,ES1 1,CCGT,3102.318,38.85517241379311,99017.72929315246,0.2,#b20101,Combined-Cycle Gas,True,1551.159,0.0,0.0,3102.318,3102.318
2040,ES1 1 CCGT,ES1 1,CCGT,3102.318,38.85517241379311,99007.72929315246,0.2,#b20101,Combined-Cycle Gas,True,1551.159,0.0,0.0,4653.477000000001,3102.318
2050,ES1 1 CCGT,ES1 1,CCGT,3102.318,38.85517241379311,98997.72929315246,0.2,#b20101,Combined-Cycle Gas,True,1551.159,0.0,0.0,6204.636,3102.318
2025,ES1 1 coal,ES1 1,coal,485.8,28.196969696969692,349976.5536298572,0.34,#707070,Coal,True,242.9,0.0,0.0,242.9,485.8
2030,ES1 1 coal,ES1 1,coal,485.8,28.196969696969692,349966.5536298572,0.34,#707070,Coal,True,242.9,0.0,0.0,485.8,485.8
2040,ES1 1 coal,ES1 1,coal,485.8,28.196969696969692,349956.5536298572,0.34,#707070,Coal,True,242.9,0.0,0.0,728.7,485.8
2050,ES1 1 coal,ES1 1,coal,485.8,28.196969696969692,349946.5536298572,0.34,#707070,Coal,True,242.9,0.0,0.0,971.6,485.8
2025,ES1 1 offwind-ac,ES1 1,offwind-ac,659.9845062885394,0.015,183497.1992599912,0.0,#6895dd,Offshore Wind (AC),True,329.9922531442697,329.9922531442697,329.9922531442697,329.9922531442697,989.9767594328091
2030,ES1 1 offwind-ac,ES1 1,offwind-ac,659.9845062885394,0.015,183487.1992599912,0.0,#6895dd,Offshore Wind (AC),True,329.9922531442697,329.9922531442697,659.9845062885394,659.9845062885394,1319.9690125770787
2040,ES1 1 offwind-ac,ES1 1,offwind-ac,659.9845062885394,0.015,183477.1992599912,0.0,#6895dd,Offshore Wind (AC),True,329.9922531442697,0.0,659.9845062885394,989.9767594328091,1319.9690125770787
2050,ES1 1 offwind-ac,ES1 1,offwind-ac,659.9845062885394,0.015,183467.1992599912,0.0,#6895dd,Offshore Wind (AC),True,329.9922531442697,0.0,659.9845062885394,1319.9690125770787,1319.9690125770787
2025,ES1 1 onwind,ES1 1,onwind,2987.5795088563195,0.015,96085.88801996633,0.0,#235ebc,Onshore Wind,True,1493.7897544281598,1493.7897544281598,1493.7897544281598,1493.7897544281598,4481.3692632844795
2030,ES1 1 onwind,ES1 1,onwind,2987.5795088563195,0.015,96075.88801996633,0.0,#235ebc,Onshore Wind,True,1493.7897544281598,1493.7897544281598,2987.5795088563195,2987.5795088563195,5975.159017712639
2040,ES1 1 onwind,ES1 1,onwind,2987.5795088563195,0.015,96065.88801996633,0.0,#235ebc,Onshore Wind,True,1493.7897544281598,1493.7897544281598,4481.3692632844795,4481.3692632844795,7468.948772140799
2050,ES1 1 onwind,ES1 1,onwind,2987.5795088563195,0.015,96055.88801996633,0.0,#235ebc,Onshore Wind,True,1493.7897544281598,0.0,4481.3692632844795,5975.159017712639,7468.948772140799
2025,ES1 1 solar,ES1 1,solar,997.6419807812828,0.01,35602.07124380445,0.0,#f9d002,Solar,True,498.8209903906414,498.8209903906414,498.8209903906414,498.8209903906414,1496.4629711719242
2030,ES1 1 solar,ES1 1,solar,997.6419807812828,0.01,35592.07124380445,0.0,#f9d002,Solar,True,498.8209903906414,498.8209903906414,997.6419807812828,997.6419807812828,1995.2839615625655
2040,ES1 1 solar,ES1 1,solar,997.6419807812828,0.01,35582.07124380445,0.0,#f9d002,Solar,True,498.8209903906414,498.8209903906414,1496.4629711719242,1496.4629711719242,2494.104951953207
2050,ES1 1 solar,ES1 1,solar,997.6419807812828,0.01,35572.07124380445,0.0,#f9d002,Solar,True,498.8209903906414,498.8209903906414,1995.2839615625655,1995.2839615625655,2992.9259423438484
2025,ES1 2 CCGT,ES1 2,CCGT,3366.52,40.77318029124356,99027.72929315244,0.2,#b20101,Combined-Cycle Gas,True,1683.26,0.0,0.0,1683.26,3366.52
2030,ES1 2 CCGT,ES1 2,CCGT,3366.52,40.77318029124356,99017.72929315244,0.2,#b20101,Combined-Cycle Gas,True,1683.26,0.0,0.0,3366.52,3366.52
2040,ES1 2 CCGT,ES1 2,CCGT,3366.52,40.77318029124356,99007.72929315244,0.2,#b20101,Combined-Cycle Gas,True,1683.26,0.0,0.0,5049.78,3366.52
2050,ES1 2 CCGT,ES1 2,CCGT,3366.52,40.77318029124356,98997.72929315244,0.2,#b20101,Combined-Cycle Gas,True,1683.26,0.0,0.0,6733.04,3366.52
2025,ES1 2 coal,ES1 2,coal,1120.7,28.196969696969692,349976.5536298572,0.34,#707070,Coal,True,560.35,0.0,0.0,560.35,1120.7
2030,ES1 2 coal,ES1 2,coal,1120.7,28.196969696969692,349966.5536298572,0.34,#707070,Coal,True,560.35,0.0,0.0,1120.7,1120.7
2040,ES1 2 coal,ES1 2,coal,1120.7,28.196969696969692,349956.5536298572,0.34,#707070,Coal,True,560.35,0.0,0.0,1681.0500000000002,1120.7
2050,ES1 2 coal,ES1 2,coal,1120.7,28.196969696969692,349946.5536298572,0.34,#707070,Coal,True,560.35,0.0,0.0,2241.4,1120.7
2025,ES1 2 offwind-ac,ES1 2,offwind-ac,81.41812234896094,0.015,185460.8393300557,0.0,#6895dd,Offshore Wind (AC),True,40.70906117448047,40.70906117448047,40.70906117448047,40.70906117448047,122.1271835234414
2030,ES1 2 offwind-ac,ES1 2,offwind-ac,81.41812234896094,0.015,185450.8393300557,0.0,#6895dd,Offshore Wind (AC),True,40.70906117448047,40.70906117448047,81.41812234896094,81.41812234896094,162.83624469792187
2040,ES1 2 offwind-ac,ES1 2,offwind-ac,81.41812234896094,0.015,185440.8393300557,0.0,#6895dd,Offshore Wind (AC),True,40.70906117448047,0.0,81.41812234896094,122.1271835234414,162.83624469792187
2050,ES1 2 offwind-ac,ES1 2,offwind-ac,81.41812234896094,0.015,185430.8393300557,0.0,#6895dd,Offshore Wind (AC),True,40.70906117448047,0.0,81.41812234896094,162.83624469792187,162.83624469792187
2025,ES1 2 onwind,ES1 2,onwind,4177.98243145088,0.015,96085.88801996628,0.0,#235ebc,Onshore Wind,True,2088.99121572544,2088.99121572544,2088.99121572544,2088.99121572544,6266.973647176319
2030,ES1 2 onwind,ES1 2,onwind,4177.98243145088,0.015,96075.88801996628,0.0,#235ebc,Onshore Wind,True,2088.99121572544,2088.99121572544,4177.98243145088,4177.98243145088,8355.96486290176
2040,ES1 2 onwind,ES1 2,onwind,4177.98243145088,0.015,96065.88801996628,0.0,#235ebc,Onshore Wind,True,2088.99121572544,2088.99121572544,6266.973647176319,6266.973647176319,10444.956078627198
2050,ES1 2 onwind,ES1 2,onwind,4177.98243145088,0.015,96055.88801996628,0.0,#235ebc,Onshore Wind,True,2088.99121572544,0.0,6266.973647176319,8355.96486290176,10444.956078627198
2025,ES1 2 ror,ES1 2,ror,36.65,0.0,299140.2249292296,0.0,#4adbc8,Run of River,True,18.325,18.325,18.325,18.325,54.974999999999994
2030,ES1 2 ror,ES1 2,ror,36.65,0.0,299130.2249292296,0.0,#4adbc8,Run of River,True,18.325,18.325,36.65,36.65,73.3
2040,ES1 2 ror,ES1 2,ror,36.65,0.0,299120.2249292296,0.0,#4adbc8,Run of River,True,18.325,0.0,36.65,54.974999999999994,73.3
2050,ES1 2 ror,ES1 2,ror,36.65,0.0,299110.2249292296,0.0,#4adbc8,Run of River,True,18.325,0.0,36.65,73.3,73.3
2025,ES1 2 solar,ES1 2,solar,1258.4329093785896,0.01,35602.07124380445,0.0,#f9d002,Solar,True,629.2164546892948,629.2164546892948,629.2164546892948,629.2164546892948,1887.6493640678843
2030,ES1 2 solar,ES1 2,solar,1258.4329093785896,0.01,35592.07124380445,0.0,#f9d002,Solar,True,629.2164546892948,629.2164546892948,1258.4329093785896,1258.4329093785896,2516.865818757179
2040,ES1 2 solar,ES1 2,solar,1258.4329093785896,0.01,35582.07124380445,0.0,#f9d002,Solar,True,629.2164546892948,629.2164546892948,1887.6493640678843,1887.6493640678843,3146.0822734464737
2050,ES1 2 solar,ES1 2,solar,1258.4329093785896,0.01,35572.07124380445,0.0,#f9d002,Solar,True,629.2164546892948,629.2164546892948,2516.865818757179,2516.865818757179,3775.2987281357687
2025,ES1 3 CCGT,ES1 3,CCGT,6225.0,41.0392498565482,99027.72929315244,0.2,#b20101,Combined-Cycle Gas,True,3112.5,0.0,0.0,3112.5,6225.0
2030,ES1 3 CCGT,ES1 3,CCGT,6225.0,41.0392498565482,99017.72929315244,0.2,#b20101,Combined-Cycle Gas,True,3112.5,0.0,0.0,6225.0,6225.0
2040,ES1 3 CCGT,ES1 3,CCGT,6225.0,41.0392498565482,99007.72929315244,0.2,#b20101,Combined-Cycle Gas,True,3112.5,0.0,0.0,9337.5,6225.0
2050,ES1 3 CCGT,ES1 3,CCGT,6225.0,41.0392498565482,98997.72929315244,0.2,#b20101,Combined-Cycle Gas,True,3112.5,0.0,0.0,12450.0,6225.0
2025,ES1 3 coal,ES1 3,coal,543.0208674157096,28.196969696969692,349976.5536298572,0.34,#707070,Coal,True,271.5104337078548,0.0,0.0,271.5104337078548,543.0208674157096
2030,ES1 3 coal,ES1 3,coal,543.0208674157096,28.196969696969692,349966.5536298572,0.34,#707070,Coal,True,271.5104337078548,0.0,0.0,543.0208674157096,543.0208674157096
2040,ES1 3 coal,ES1 3,coal,543.0208674157096,28.196969696969692,349956.5536298572,0.34,#707070,Coal,True,271.5104337078548,0.0,0.0,814.5313011235644,543.0208674157096
2050,ES1 3 coal,ES1 3,coal,543.0208674157096,28.196969696969692,349946.5536298572,0.34,#707070,Coal,True,271.5104337078548,0.0,0.0,1086.0417348314193,543.0208674157096
2025,ES1 3 offwind-ac,ES1 3,offwind-ac,3813.550615754752,0.015,184588.3619562837,0.0,#6895dd,Offshore Wind (AC),True,1906.775307877376,1906.775307877376,1906.775307877376,1906.775307877376,5720.325923632128
2030,ES1 3 offwind-ac,ES1 3,offwind-ac,3813.550615754752,0.015,184578.3619562837,0.0,#6895dd,Offshore Wind (AC),True,1906.775307877376,0.0,1906.775307877376,3813.550615754752,5720.325923632128
2040,ES1 3 offwind-ac,ES1 3,offwind-ac,3813.550615754752,0.015,184568.3619562837,0.0,#6895dd,Offshore Wind (AC),True,1906.775307877376,0.0,1906.775307877376,5720.325923632128,5720.325923632128
2050,ES1 3 offwind-ac,ES1 3,offwind-ac,3813.550615754752,0.015,184558.3619562837,0.0,#6895dd,Offshore Wind (AC),True,1906.775307877376,0.0,1906.775307877376,7627.101231509504,5720.325923632128
2025,ES1 3 onwind,ES1 3,onwind,3188.486869328991,0.015,96085.88801996633,0.0,#235ebc,Onshore Wind,True,1594.2434346644955,1594.2434346644957,1594.2434346644957,1594.2434346644955,4782.730303993487
2030,ES1 3 onwind,ES1 3,onwind,3188.486869328991,0.015,96075.88801996633,0.0,#235ebc,Onshore Wind,True,1594.2434346644955,0.0,1594.2434346644957,3188.486869328991,4782.730303993487
2040,ES1 3 onwind,ES1 3,onwind,3188.486869328991,0.015,96065.88801996633,0.0,#235ebc,Onshore Wind,True,1594.2434346644955,0.0,1594.2434346644957,4782.730303993487,4782.730303993487
2050,ES1 3 onwind,ES1 3,onwind,3188.486869328991,0.015,96055.88801996633,0.0,#235ebc,Onshore Wind,True,1594.2434346644955,0.0,1594.2434346644957,6376.973738657982,4782.730303993487
2025,ES1 3 solar,ES1 3,solar,2215.1920363579256,0.01,35602.07124380445,0.0,#f9d002,Solar,True,1107.5960181789628,1107.5960181789628,1107.5960181789628,1107.5960181789628,3322.7880545368885
2030,ES1 3 solar,ES1 3,solar,2215.1920363579256,0.01,35592.07124380445,0.0,#f9d002,Solar,True,1107.5960181789628,1107.5960181789628,2215.1920363579256,2215.1920363579256,4430.384072715851
2040,ES1 3 solar,ES1 3,solar,2215.1920363579256,0.01,35582.07124380445,0.0,#f9d002,Solar,True,1107.5960181789628,1107.5960181789628,3322.7880545368885,3322.7880545368885,5537.980090894815
2050,ES1 3 solar,ES1 3,solar,2215.1920363579256,0.01,35572.07124380445,0.0,#f9d002,Solar,True,1107.5960181789628,1107.5960181789628,4430.384072715851,4430.384072715851,6645.576109073777
2025,ES1 4 CCGT,ES1 4,CCGT,1879.58,38.796220772198495,99027.72929315244,0.2,#b20101,Combined-Cycle Gas,True,939.79,0.0,0.0,939.79,1879.58
2030,ES1 4 CCGT,ES1 4,CCGT,1879.58,38.796220772198495,99017.72929315244,0.2,#b20101,Combined-Cycle Gas,True,939.79,0.0,0.0,1879.58,1879.58
2040,ES1 4 CCGT,ES1 4,CCGT,1879.58,38.796220772198495,99007.72929315244,0.2,#b20101,Combined-Cycle Gas,True,939.79,0.0,0.0,2819.37,1879.58
2050,ES1 4 CCGT,ES1 4,CCGT,1879.58,38.796220772198495,98997.72929315244,0.2,#b20101,Combined-Cycle Gas,True,939.79,0.0,0.0,3759.16,1879.58
2025,ES1 4 coal,ES1 4,coal,1521.347682661484,28.1969696969697,349976.5536298572,0.34,#707070,Coal,True,760.673841330742,0.0,0.0,760.673841330742,1521.347682661484
2030,ES1 4 coal,ES1 4,coal,1521.347682661484,28.1969696969697,349966.5536298572,0.34,#707070,Coal,True,760.673841330742,0.0,0.0,1521.347682661484,1521.347682661484
2040,ES1 4 coal,ES1 4,coal,1521.347682661484,28.1969696969697,349956.5536298572,0.34,#707070,Coal,True,760.673841330742,0.0,0.0,2282.021523992226,1521.347682661484
2050,ES1 4 coal,ES1 4,coal,1521.347682661484,28.1969696969697,349946.5536298572,0.34,#707070,Coal,True,760.673841330742,0.0,0.0,3042.695365322968,1521.347682661484
2025,ES1 4 offwind-ac,ES1 4,offwind-ac,1819.0918489794371,0.015,184037.52220188075,0.0,#6895dd,Offshore Wind (AC),True,909.5459244897186,909.5459244897186,909.5459244897186,909.5459244897186,2728.637773469156
2030,ES1 4 offwind-ac,ES1 4,offwind-ac,1819.0918489794371,0.015,184027.52220188075,0.0,#6895dd,Offshore Wind (AC),True,909.5459244897186,909.5459244897186,1819.0918489794371,1819.0918489794371,3638.1836979588743
2040,ES1 4 offwind-ac,ES1 4,offwind-ac,1819.0918489794371,0.015,184017.52220188075,0.0,#6895dd,Offshore Wind (AC),True,909.5459244897186,909.5459244897186,2728.637773469156,2728.637773469156,4547.729622448593
2050,ES1 4 offwind-ac,ES1 4,offwind-ac,1819.0918489794371,0.015,184007.52220188075,0.0,#6895dd,Offshore Wind (AC),True,909.5459244897186,0.0,2728.637773469156,3638.1836979588743,4547.729622448593
2025,ES1 4 onwind,ES1 4,onwind,3833.017195808858,0.0149999999999999,96085.8880199663,0.0,#235ebc,Onshore Wind,True,1916.508597904429,1916.508597904429,1916.508597904429,1916.508597904429,5749.525793713287
2030,ES1 4 onwind,ES1 4,onwind,3833.017195808858,0.0149999999999999,96075.8880199663,0.0,#235ebc,Onshore Wind,True,1916.508597904429,1916.508597904429,3833.017195808858,3833.017195808858,7666.034391617716
2040,ES1 4 onwind,ES1 4,onwind,3833.017195808858,0.0149999999999999,96065.8880199663,0.0,#235ebc,Onshore Wind,True,1916.508597904429,1916.508597904429,5749.525793713287,5749.525793713287,9582.542989522146
2050,ES1 4 onwind,ES1 4,onwind,3833.017195808858,0.0149999999999999,96055.8880199663,0.0,#235ebc,Onshore Wind,True,1916.508597904429,1916.508597904429,7666.034391617716,7666.034391617716,11499.051587426575
2025,ES1 4 solar,ES1 4,solar,644.221044249258,0.01,35602.07124380444,0.0,#f9d002,Solar,True,322.110522124629,322.110522124629,322.110522124629,322.110522124629,966.331566373887
2030,ES1 4 solar,ES1 4,solar,644.221044249258,0.01,35592.07124380444,0.0,#f9d002,Solar,True,322.110522124629,322.110522124629,644.221044249258,644.221044249258,1288.442088498516
2040,ES1 4 solar,ES1 4,solar,644.221044249258,0.01,35582.07124380444,0.0,#f9d002,Solar,True,322.110522124629,322.110522124629,966.331566373887,966.331566373887,1610.552610623145
2050,ES1 4 solar,ES1 4,solar,644.221044249258,0.01,35572.07124380444,0.0,#f9d002,Solar,True,322.110522124629,322.110522124629,1288.442088498516,1288.442088498516,1932.663132747774
2025,ES1 5 CCGT,ES1 5,CCGT,597.5,38.85517241379311,99027.72929315244,0.2,#b20101,Combined-Cycle Gas,True,298.75,0.0,0.0,298.75,597.5
2030,ES1 5 CCGT,ES1 5,CCGT,597.5,38.85517241379311,99017.72929315244,0.2,#b20101,Combined-Cycle Gas,True,298.75,0.0,0.0,597.5,597.5
2040,ES1 5 CCGT,ES1 5,CCGT,597.5,38.85517241379311,99007.72929315244,0.2,#b20101,Combined-Cycle Gas,True,298.75,0.0,0.0,896.25,597.5
2050,ES1 5 CCGT,ES1 5,CCGT,597.5,38.85517241379311,98997.72929315244,0.2,#b20101,Combined-Cycle Gas,True,298.75,0.0,0.0,1195.0,597.5
2025,ES1 5 onwind,ES1 5,onwind,4150.453988785024,0.015,96085.8880199663,0.0,#235ebc,Onshore Wind,True,2075.226994392512,2075.226994392512,2075.226994392512,2075.226994392512,6225.680983177536
2030,ES1 5 onwind,ES1 5,onwind,4150.453988785024,0.015,96075.8880199663,0.0,#235ebc,Onshore Wind,True,2075.226994392512,2075.226994392512,4150.453988785024,4150.453988785024,8300.907977570048
2040,ES1 5 onwind,ES1 5,onwind,4150.453988785024,0.015,96065.8880199663,0.0,#235ebc,Onshore Wind,True,2075.226994392512,0.0,4150.453988785024,6225.680983177536,8300.907977570048
2050,ES1 5 onwind,ES1 5,onwind,4150.453988785024,0.015,96055.8880199663,0.0,#235ebc,Onshore Wind,True,2075.226994392512,0.0,4150.453988785024,8300.907977570048,8300.907977570048
2025,ES1 5 solar,ES1 5,solar,2270.9839365368257,0.01,35602.07124380446,0.0,#f9d002,Solar,True,1135.4919682684128,1135.4919682684128,1135.4919682684128,1135.4919682684128,3406.4759048052383
2030,ES1 5 solar,ES1 5,solar,2270.9839365368257,0.01,35592.07124380446,0.0,#f9d002,Solar,True,1135.4919682684128,1135.4919682684128,2270.9839365368257,2270.9839365368257,4541.967873073651
2040,ES1 5 solar,ES1 5,solar,2270.9839365368257,0.01,35582.07124380446,0.0,#f9d002,Solar,True,1135.4919682684128,1135.4919682684128,3406.4759048052383,3406.4759048052383,5677.4598413420645
2050,ES1 5 solar,ES1 5,solar,2270.9839365368257,0.01,35572.07124380446,0.0,#f9d002,Solar,True,1135.4919682684128,1135.4919682684128,4541.967873073651,4541.967873073651,6812.951809610477
2025,ES1 6 CCGT,ES1 6,CCGT,3736.514,53.09184503763878,99027.72929315244,0.2,#b20101,Combined-Cycle Gas,True,1868.257,0.0,0.0,1868.257,3736.514
2030,ES1 6 CCGT,ES1 6,CCGT,3736.514,53.09184503763878,99017.72929315244,0.2,#b20101,Combined-Cycle Gas,True,1868.257,0.0,0.0,3736.514,3736.514
2040,ES1 6 CCGT,ES1 6,CCGT,3736.514,53.09184503763878,99007.72929315244,0.2,#b20101,Combined-Cycle Gas,True,1868.257,0.0,0.0,5604.771000000001,3736.514
2050,ES1 6 CCGT,ES1 6,CCGT,3736.514,53.09184503763878,98997.72929315244,0.2,#b20101,Combined-Cycle Gas,True,1868.257,0.0,0.0,7473.028,3736.514
2025,ES1 6 offwind-ac,ES1 6,offwind-ac,1993.006855849516,0.015,183319.76637314336,0.0,#6895dd,Offshore Wind (AC),True,996.503427924758,847.6102538737609,847.6102538737609,996.503427924758,2840.617109723277
2030,ES1 6 offwind-ac,ES1 6,offwind-ac,1993.006855849516,0.015,183309.76637314336,0.0,#6895dd,Offshore Wind (AC),True,996.503427924758,0.0,847.6102538737609,1993.006855849516,2840.617109723277
2040,ES1 6 offwind-ac,ES1 6,offwind-ac,1993.006855849516,0.015,183299.76637314336,0.0,#6895dd,Offshore Wind (AC),True,996.503427924758,0.0,847.6102538737609,2989.510283774274,2840.617109723277
2050,ES1 6 offwind-ac,ES1 6,offwind-ac,1993.006855849516,0.015,183289.76637314336,0.0,#6895dd,Offshore Wind (AC),True,996.503427924758,0.0,847.6102538737609,3986.013711699032,2840.617109723277
2025,ES1 6 onwind,ES1 6,onwind,2619.4774169594352,0.015,96085.88801996633,0.0,#235ebc,Onshore Wind,True,1309.7387084797176,1309.7387084797176,1309.7387084797176,1309.7387084797176,3929.216125439153
2030,ES1 6 onwind,ES1 6,onwind,2619.4774169594352,0.015,96075.88801996633,0.0,#235ebc,Onshore Wind,True,1309.7387084797176,1309.7387084797176,2619.4774169594352,2619.4774169594352,5238.9548339188705
2040,ES1 6 onwind,ES1 6,onwind,2619.4774169594352,0.015,96065.88801996633,0.0,#235ebc,Onshore Wind,True,1309.7387084797176,1309.7387084797176,3929.216125439153,3929.216125439153,6548.693542398589
2050,ES1 6 onwind,ES1 6,onwind,2619.4774169594352,0.015,96055.88801996633,0.0,#235ebc,Onshore Wind,True,1309.7387084797176,0.0,3929.216125439153,5238.9548339188705,6548.693542398589
2025,ES1 6 solar,ES1 6,solar,1009.5005333050456,0.01,35602.07124380444,0.0,#f9d002,Solar,True,504.7502666525228,504.7502666525228,504.7502666525228,504.7502666525228,1514.2507999575682
2030,ES1 6 solar,ES1 6,solar,1009.5005333050456,0.01,35592.07124380444,0.0,#f9d002,Solar,True,504.7502666525228,504.7502666525228,1009.5005333050456,1009.5005333050456,2019.0010666100911
2040,ES1 6 solar,ES1 6,solar,1009.5005333050456,0.01,35582.07124380444,0.0,#f9d002,Solar,True,504.7502666525228,504.7502666525228,1514.2507999575682,1514.2507999575682,2523.751333262614
2050,ES1 6 solar,ES1 6,solar,1009.5005333050456,0.01,35572.07124380444,0.0,#f9d002,Solar,True,504.7502666525228,504.7502666525228,2019.0010666100911,2019.0010666100911,3028.5015999151365
2025,ES1 7 CCGT,ES1 7,CCGT,46.0,38.85517241379311,99027.72929315244,0.2,#b20101,Combined-Cycle Gas,True,23.0,23.0,23.0,23.0,69.0
2030,ES1 7 CCGT,ES1 7,CCGT,46.0,38.85517241379311,99017.72929315244,0.2,#b20101,Combined-Cycle Gas,True,23.0,0.0,23.0,46.0,69.0
2040,ES1 7 CCGT,ES1 7,CCGT,46.0,38.85517241379311,99007.72929315244,0.2,#b20101,Combined-Cycle Gas,True,23.0,0.0,23.0,69.0,69.0
2050,ES1 7 CCGT,ES1 7,CCGT,46.0,38.85517241379311,98997.72929315244,0.2,#b20101,Combined-Cycle Gas,True,23.0,0.0,23.0,92.0,69.0
2025,ES1 7 onwind,ES1 7,onwind,3638.947760418276,0.015,96085.8880199663,0.0,#235ebc,Onshore Wind,True,1819.473880209138,1819.473880209138,1819.473880209138,1819.473880209138,5458.4216406274145
2030,ES1 7 onwind,ES1 7,onwind,3638.947760418276,0.015,96075.8880199663,0.0,#235ebc,Onshore Wind,True,1819.473880209138,1819.473880209138,3638.947760418276,3638.947760418276,7277.895520836552
2040,ES1 7 onwind,ES1 7,onwind,3638.947760418276,0.015,96065.8880199663,0.0,#235ebc,Onshore Wind,True,1819.473880209138,0.0,3638.947760418276,5458.4216406274145,7277.895520836552
2050,ES1 7 onwind,ES1 7,onwind,3638.947760418276,0.015,96055.8880199663,0.0,#235ebc,Onshore Wind,True,1819.473880209138,0.0,3638.947760418276,7277.895520836552,7277.895520836552
2025,ES1 7 solar,ES1 7,solar,1651.1136164862935,0.01,35602.07124380445,0.0,#f9d002,Solar,True,825.5568082431467,825.5568082431467,825.5568082431467,825.5568082431467,2476.67042472944
2030,ES1 7 solar,ES1 7,solar,1651.1136164862935,0.01,35592.07124380445,0.0,#f9d002,Solar,True,825.5568082431467,825.5568082431467,1651.1136164862935,1651.1136164862935,3302.227232972587
2040,ES1 7 solar,ES1 7,solar,1651.1136164862935,0.01,35582.07124380445,0.0,#f9d002,Solar,True,825.5568082431467,825.5568082431467,2476.67042472944,2476.67042472944,4127.784041215734
2050,ES1 7 solar,ES1 7,solar,1651.1136164862935,0.01,35572.07124380445,0.0,#f9d002,Solar,True,825.5568082431467,825.5568082431467,3302.227232972587,3302.227232972587,4953.34084945888
2025,ES1 8 CCGT,ES1 8,CCGT,3926.6,38.85517241379312,99027.72929315244,0.2,#b20101,Combined-Cycle Gas,True,1963.3,925.4960983811582,925.4960983811582,1963.3,4852.096098381158
2030,ES1 8 CCGT,ES1 8,CCGT,3926.6,38.85517241379312,99017.72929315244,0.2,#b20101,Combined-Cycle Gas,True,1963.3,0.0,925.4960983811582,3926.6,4852.096098381158
2040,ES1 8 CCGT,ES1 8,CCGT,3926.6,38.85517241379312,99007.72929315244,0.2,#b20101,Combined-Cycle Gas,True,1963.3,0.0,925.4960983811582,5889.9,4852.096098381158
2050,ES1 8 CCGT,ES1 8,CCGT,3926.6,38.85517241379312,98997.72929315244,0.2,#b20101,Combined-Cycle Gas,True,1963.3,0.0,925.4960983811582,7853.2,4852.096098381158
2025,ES1 8 offwind-ac,ES1 8,offwind-ac,694.826477714733,0.015,184159.4580148566,0.0,#6895dd,Offshore Wind (AC),True,347.4132388573665,347.4132388573665,347.4132388573665,347.4132388573665,1042.2397165720995
2030,ES1 8 offwind-ac,ES1 8,offwind-ac,694.826477714733,0.015,184149.4580148566,0.0,#6895dd,Offshore Wind (AC),True,347.4132388573665,0.0,347.4132388573665,694.826477714733,1042.2397165720995
2040,ES1 8 offwind-ac,ES1 8,offwind-ac,694.826477714733,0.015,184139.4580148566,0.0,#6895dd,Offshore Wind (AC),True,347.4132388573665,0.0,347.4132388573665,1042.2397165720995,1042.2397165720995
2050,ES1 8 offwind-ac,ES1 8,offwind-ac,694.826477714733,0.015,184129.4580148566,0.0,#6895dd,Offshore Wind (AC),True,347.4132388573665,0.0,347.4132388573665,1389.652955429466,1042.2397165720995
2025,ES1 8 onwind,ES1 8,onwind,742.1419460642877,0.015,96085.88801996628,0.0,#235ebc,Onshore Wind,True,371.07097303214385,371.0709730321439,371.0709730321439,371.07097303214385,1113.2129190964315
2030,ES1 8 onwind,ES1 8,onwind,742.1419460642877,0.015,96075.88801996628,0.0,#235ebc,Onshore Wind,True,371.07097303214385,371.0709730321439,742.1419460642878,742.1419460642877,1484.2838921285756
2040,ES1 8 onwind,ES1 8,onwind,742.1419460642877,0.015,96065.88801996628,0.0,#235ebc,Onshore Wind,True,371.07097303214385,371.0709730321439,1113.2129190964317,1113.2129190964315,1855.3548651607193
2050,ES1 8 onwind,ES1 8,onwind,742.1419460642877,0.015,96055.88801996628,0.0,#235ebc,Onshore Wind,True,371.07097303214385,0.0,1113.2129190964317,1484.2838921285754,1855.3548651607193
2025,ES1 8 ror,ES1 8,ror,110.3582475,0.0,299140.2249292296,0.0,#4adbc8,Run of River,True,55.17912375,55.17912375,55.17912375,55.17912375,165.53737125
2030,ES1 8 ror,ES1 8,ror,110.3582475,0.0,299130.2249292296,0.0,#4adbc8,Run of River,True,55.17912375,55.17912375,110.3582475,110.3582475,220.716495
2040,ES1 8 ror,ES1 8,ror,110.3582475,0.0,299120.2249292296,0.0,#4adbc8,Run of River,True,55.17912375,0.0,110.3582475,165.53737125,220.716495
2050,ES1 8 ror,ES1 8,ror,110.3582475,0.0,299110.2249292296,0.0,#4adbc8,Run of River,True,55.17912375,0.0,110.3582475,220.716495,220.716495
2025,ES1 8 solar,ES1 8,solar,531.2068256319207,0.01,35602.07124380444,0.0,#f9d002,Solar,True,265.6034128159603,265.6034128159603,265.6034128159603,265.6034128159603,796.8102384478809
2030,ES1 8 solar,ES1 8,solar,531.2068256319207,0.01,35592.07124380444,0.0,#f9d002,Solar,True,265.6034128159603,265.6034128159603,531.2068256319207,531.2068256319207,1062.4136512638413
2040,ES1 8 solar,ES1 8,solar,531.2068256319207,0.01,35582.07124380444,0.0,#f9d002,Solar,True,265.6034128159603,265.6034128159603,796.8102384478809,796.8102384478809,1328.0170640798015
2050,ES1 8 solar,ES1 8,solar,531.2068256319207,0.01,35572.07124380444,0.0,#f9d002,Solar,True,265.6034128159603,265.6034128159603,1062.4136512638413,1062.4136512638413,1593.6204768957618
2025,PT1 0 CCGT,PT1 0,CCGT,1141.0,38.85517241379311,99027.72929315244,0.2,#b20101,Combined-Cycle Gas,True,570.5,570.5,570.5,570.5,1711.5
2030,PT1 0 CCGT,PT1 0,CCGT,1141.0,38.85517241379311,99017.72929315244,0.2,#b20101,Combined-Cycle Gas,True,570.5,0.0,570.5,1141.0,1711.5
2040,PT1 0 CCGT,PT1 0,CCGT,1141.0,38.85517241379311,99007.72929315244,0.2,#b20101,Combined-Cycle Gas,True,570.5,0.0,570.5,1711.5,1711.5
2050,PT1 0 CCGT,PT1 0,CCGT,1141.0,38.85517241379311,98997.72929315244,0.2,#b20101,Combined-Cycle Gas,True,570.5,0.0,570.5,2282.0,1711.5
2025,PT1 0 offwind-ac,PT1 0,offwind-ac,1056.0115312442215,0.015,183221.68606825784,0.0,#6895dd,Offshore Wind (AC),True,528.0057656221107,528.0057656221107,528.0057656221107,528.0057656221107,1584.0172968663323
2030,PT1 0 offwind-ac,PT1 0,offwind-ac,1056.0115312442215,0.015,183211.68606825784,0.0,#6895dd,Offshore Wind (AC),True,528.0057656221107,528.0057656221107,1056.0115312442215,1056.0115312442215,2112.023062488443
2040,PT1 0 offwind-ac,PT1 0,offwind-ac,1056.0115312442215,0.015,183201.68606825784,0.0,#6895dd,Offshore Wind (AC),True,528.0057656221107,528.0057656221107,1584.0172968663323,1584.0172968663323,2640.028828110554
2050,PT1 0 offwind-ac,PT1 0,offwind-ac,1056.0115312442215,0.015,183191.68606825784,0.0,#6895dd,Offshore Wind (AC),True,528.0057656221107,0.0,1584.0172968663323,2112.023062488443,2640.028828110554
2025,PT1 0 onwind,PT1 0,onwind,1540.8128858697523,0.015,96085.8880199663,0.0,#235ebc,Onshore Wind,True,770.4064429348762,770.4064429348762,770.4064429348762,770.4064429348762,2311.2193288046283
2030,PT1 0 onwind,PT1 0,onwind,1540.8128858697523,0.015,96075.8880199663,0.0,#235ebc,Onshore Wind,True,770.4064429348762,770.4064429348762,1540.8128858697523,1540.8128858697523,3081.6257717395047
2040,PT1 0 onwind,PT1 0,onwind,1540.8128858697523,0.015,96065.8880199663,0.0,#235ebc,Onshore Wind,True,770.4064429348762,0.0,1540.8128858697523,2311.2193288046283,3081.6257717395047
2050,PT1 0 onwind,PT1 0,onwind,1540.8128858697523,0.015,96055.8880199663,0.0,#235ebc,Onshore Wind,True,770.4064429348762,0.0,1540.8128858697523,3081.6257717395047,3081.6257717395047
2025,PT1 0 ror,PT1 0,ror,2368.9,0.0,299140.2249292296,0.0,#4adbc8,Run of River,True,1184.45,1184.45,1184.45,1184.45,3553.3500000000004
2030,PT1 0 ror,PT1 0,ror,2368.9,0.0,299130.2249292296,0.0,#4adbc8,Run of River,True,1184.45,1184.45,2368.9,2368.9,4737.8
2040,PT1 0 ror,PT1 0,ror,2368.9,0.0,299120.2249292296,0.0,#4adbc8,Run of River,True,1184.45,0.0,2368.9,3553.3500000000004,4737.8
2050,PT1 0 ror,PT1 0,ror,2368.9,0.0,299110.2249292296,0.0,#4adbc8,Run of River,True,1184.45,0.0,2368.9,4737.8,4737.8
2025,PT1 0 solar,PT1 0,solar,377.3664011812092,0.01,35602.07124380446,0.0,#f9d002,Solar,True,188.6832005906046,188.6832005906046,188.6832005906046,188.6832005906046,566.0496017718137
2030,PT1 0 solar,PT1 0,solar,377.3664011812092,0.01,35592.07124380446,0.0,#f9d002,Solar,True,188.6832005906046,188.6832005906046,377.3664011812092,377.3664011812092,754.7328023624184
2040,PT1 0 solar,PT1 0,solar,377.3664011812092,0.01,35582.07124380446,0.0,#f9d002,Solar,True,188.6832005906046,188.6832005906046,566.0496017718137,566.0496017718137,943.4160029530229
2050,PT1 0 solar,PT1 0,solar,377.3664011812092,0.01,35572.07124380446,0.0,#f9d002,Solar,True,188.6832005906046,188.6832005906046,754.7328023624184,754.7328023624184,1132.0992035436275
2025,PT1 1 CCGT,PT1 1,CCGT,3004.0,38.89284107946028,99027.72929315244,0.2,#b20101,Combined-Cycle Gas,True,1502.0,1502.0,1502.0,1502.0,4506.0
2030,PT1 1 CCGT,PT1 1,CCGT,3004.0,38.89284107946028,99017.72929315244,0.2,#b20101,Combined-Cycle Gas,True,1502.0,1502.0,3004.0,3004.0,6008.0
2040,PT1 1 CCGT,PT1 1,CCGT,3004.0,38.89284107946028,99007.72929315244,0.2,#b20101,Combined-Cycle Gas,True,1502.0,0.0,3004.0,4506.0,6008.0
2050,PT1 1 CCGT,PT1 1,CCGT,3004.0,38.89284107946028,98997.72929315244,0.2,#b20101,Combined-Cycle Gas,True,1502.0,0.0,3004.0,6008.0,6008.0
2025,PT1 1 offwind-ac,PT1 1,offwind-ac,3404.177204898588,0.015,185562.8946609537,0.0,#6895dd,Offshore Wind (AC),True,1702.088602449294,1702.088602449294,1702.088602449294,1702.088602449294,5106.265807347882
2030,PT1 1 offwind-ac,PT1 1,offwind-ac,3404.177204898588,0.015,185552.8946609537,0.0,#6895dd,Offshore Wind (AC),True,1702.088602449294,1702.088602449294,3404.177204898588,3404.177204898588,6808.354409797176
2040,PT1 1 offwind-ac,PT1 1,offwind-ac,3404.177204898588,0.015,185542.8946609537,0.0,#6895dd,Offshore Wind (AC),True,1702.088602449294,0.0,3404.177204898588,5106.265807347882,6808.354409797176
2050,PT1 1 offwind-ac,PT1 1,offwind-ac,3404.177204898588,0.015,185532.8946609537,0.0,#6895dd,Offshore Wind (AC),True,1702.088602449294,0.0,3404.177204898588,6808.354409797176,6808.354409797176
2025,PT1 1 onwind,PT1 1,onwind,3672.827789448679,0.015,96085.8880199663,0.0,#235ebc,Onshore Wind,True,1836.4138947243396,1836.41389472434,1836.41389472434,1836.4138947243396,5509.241684173019
2030,PT1 1 onwind,PT1 1,onwind,3672.827789448679,0.015,96075.8880199663,0.0,#235ebc,Onshore Wind,True,1836.4138947243396,1836.41389472434,3672.82778944868,3672.827789448679,7345.655578897359
2040,PT1 1 onwind,PT1 1,onwind,3672.827789448679,0.015,96065.8880199663,0.0,#235ebc,Onshore Wind,True,1836.4138947243396,0.0,3672.82778944868,5509.241684173019,7345.655578897359
2050,PT1 1 onwind,PT1 1,onwind,3672.827789448679,0.015,96055.8880199663,0.0,#235ebc,Onshore Wind,True,1836.4138947243396,0.0,3672.82778944868,7345.655578897358,7345.655578897359
2025,PT1 1 ror,PT1 1,ror,269.6,0.0,299140.22492922953,0.0,#4adbc8,Run of River,True,134.8,134.8,134.8,134.8,404.40000000000003
2030,PT1 1 ror,PT1 1,ror,269.6,0.0,299130.22492922953,0.0,#4adbc8,Run of River,True,134.8,134.8,269.6,269.6,539.2
2040,PT1 1 ror,PT1 1,ror,269.6,0.0,299120.22492922953,0.0,#4adbc8,Run of River,True,134.8,0.0,269.6,404.40000000000003,539.2
2050,PT1 1 ror,PT1 1,ror,269.6,0.0,299110.22492922953,0.0,#4adbc8,Run of River,True,134.8,0.0,269.6,539.2,539.2
2025,PT1 1 solar,PT1 1,solar,648.0735988187907,0.01,35602.07124380446,0.0,#f9d002,Solar,True,324.03679940939537,324.03679940939537,324.03679940939537,324.03679940939537,972.1103982281861
2030,PT1 1 solar,PT1 1,solar,648.0735988187907,0.01,35592.07124380446,0.0,#f9d002,Solar,True,324.03679940939537,324.03679940939537,648.0735988187907,648.0735988187907,1296.1471976375815
2040,PT1 1 solar,PT1 1,solar,648.0735988187907,0.01,35582.07124380446,0.0,#f9d002,Solar,True,324.03679940939537,324.03679940939537,972.1103982281861,972.1103982281861,1620.1839970469769
2050,PT1 1 solar,PT1 1,solar,648.0735988187907,0.01,35572.07124380446,0.0,#f9d002,Solar,True,324.03679940939537,324.03679940939537,1296.1471976375815,1296.1471976375815,1944.2207964563722
